activation_name,creation_rank,last_fw_use_rank,first_bw_use_rank,last_bw_use_rank,median_mem_size_bytes,inactive_time_s,avg_swap_time_s,recomp_time_s,recomp_memory_bytes,recompute_ratio
convolution,2336,2338,4926,4926,205520896,0.6384253134189637,0.0,0.200704,205520896,200704.0
getitem_1,2340,-1,4926,4926,256,0.0,0.0,1e-06,256,0.1002197265625
getitem_2,2341,-1,4926,4926,256,0.0,0.0,1e-06,256,0.1002197265625
getitem_3,2342,-1,4926,4926,0,0.0,0.0,1e-06,0,0.1
relu_,2343,2344,4924,4925,205520896,0.6328037134392651,0.0,0.200704,205520896,200704.0
getitem_4,2345,2370,4897,4920,51380224,0.6136775693597734,0.0,0.050176,51380224,50176.0
getitem_5,2346,-1,4924,4924,102760448,0.0,0.0,0.100352,102760448,100352.0
convolution_1,2347,2349,4916,4916,51380224,0.6300427534359041,0.0,0.050176,51380224,50176.0
getitem_7,2351,-1,4916,4916,256,0.0,0.0,1e-06,256,0.1002197265625
getitem_8,2352,-1,4916,4916,256,0.0,0.0,1e-06,256,0.1002197265625
getitem_9,2353,-1,4916,4916,0,0.0,0.0,1e-06,0,0.1
relu__1,2354,2355,4912,4915,51380224,0.625369441412622,0.0,0.050176,51380224,50176.0
convolution_2,2355,2357,4908,4908,51380224,0.6240125773979818,0.0,0.050176,51380224,50176.0
getitem_11,2359,-1,4908,4908,256,0.0,0.0,1e-06,256,0.1002197265625
getitem_12,2360,-1,4908,4908,256,0.0,0.0,1e-06,256,0.1002197265625
getitem_13,2361,-1,4908,4908,0,0.0,0.0,1e-06,0,0.1
relu__2,2362,2363,4904,4907,51380224,0.6208791373895947,0.0,0.050176,51380224,50176.0
convolution_3,2363,2365,4900,4900,205520896,0.6161861453747839,0.0,0.200704,205520896,200704.0
getitem_15,2367,-1,4900,4900,1024,0.0,0.0,1e-06,1024,0.10087890625000001
getitem_16,2368,-1,4900,4900,1024,0.0,0.0,1e-06,1024,0.10087890625000001
getitem_17,2369,-1,4900,4900,0,0.0,0.0,1e-06,0,0.1
convolution_4,2370,2372,4893,4893,205520896,0.6089041933848054,0.0,0.200704,205520896,200704.0
getitem_19,2374,-1,4893,4893,1024,0.0,0.0,1e-06,1024,0.10087890625000001
getitem_20,2375,-1,4893,4893,1024,0.0,0.0,1e-06,1024,0.10087890625000001
getitem_21,2376,-1,4893,4893,0,0.0,0.0,1e-06,0,0.1
relu__3,2378,2402,4888,4892,205520896,0.5920658252260174,0.0,0.200704,205520896,200704.0
convolution_5,2379,2381,4884,4884,51380224,0.5989744653350204,0.0,0.050176,51380224,50176.0
getitem_23,2383,-1,4884,4884,256,0.0,0.0,1e-06,256,0.1002197265625
getitem_24,2384,-1,4884,4884,256,0.0,0.0,1e-06,256,0.1002197265625
getitem_25,2385,-1,4884,4884,0,0.0,0.0,1e-06,0,0.1
relu__4,2386,2387,4880,4883,51380224,0.5942875853909639,0.0,0.050176,51380224,50176.0
convolution_6,2387,2389,4876,4876,51380224,0.5929421133792487,0.0,0.050176,51380224,50176.0
getitem_27,2391,-1,4876,4876,256,0.0,0.0,1e-06,256,0.1002197265625
getitem_28,2392,-1,4876,4876,256,0.0,0.0,1e-06,256,0.1002197265625
getitem_29,2393,-1,4876,4876,0,0.0,0.0,1e-06,0,0.1
relu__5,2394,2395,4872,4875,51380224,0.5898483853472855,0.0,0.050176,51380224,50176.0
convolution_7,2395,2397,4868,4868,205520896,0.5850061771927858,0.0,0.200704,205520896,200704.0
getitem_31,2399,-1,4868,4868,1024,0.0,0.0,1e-06,1024,0.10087890625000001
getitem_32,2400,-1,4868,4868,1024,0.0,0.0,1e-06,1024,0.10087890625000001
getitem_33,2401,-1,4868,4868,0,0.0,0.0,1e-06,0,0.1
relu__6,2403,2427,4863,4867,205520896,0.5681248011926637,0.0,0.200704,205520896,200704.0
convolution_8,2404,2406,4859,4859,51380224,0.5750846413469397,0.0,0.050176,51380224,50176.0
getitem_35,2408,-1,4859,4859,256,0.0,0.0,1e-06,256,0.1002197265625
getitem_36,2409,-1,4859,4859,256,0.0,0.0,1e-06,256,0.1002197265625
getitem_37,2410,-1,4859,4859,0,0.0,0.0,1e-06,0,0.1
relu__7,2411,2412,4855,4858,51380224,0.5704450253436796,0.0,0.050176,51380224,50176.0
convolution_9,2412,2414,4851,4851,51380224,0.5691671693606756,0.0,0.050176,51380224,50176.0
getitem_39,2416,-1,4851,4851,256,0.0,0.0,1e-06,256,0.1002197265625
getitem_40,2417,-1,4851,4851,256,0.0,0.0,1e-06,256,0.1002197265625
getitem_41,2418,-1,4851,4851,0,0.0,0.0,1e-06,0,0.1
relu__8,2419,2420,4847,4850,51380224,0.565964737354078,0.0,0.050176,51380224,50176.0
convolution_10,2420,2422,4843,4843,205520896,0.5610136013275459,0.0,0.200704,205520896,200704.0
getitem_43,2424,-1,4843,4843,1024,0.0,0.0,1e-06,1024,0.10087890625000001
getitem_44,2425,-1,4843,4843,1024,0.0,0.0,1e-06,1024,0.10087890625000001
getitem_45,2426,-1,4843,4843,0,0.0,0.0,1e-06,0,0.1
relu__9,2428,2452,4815,4842,205520896,0.5329733770436125,0.0,0.200704,205520896,200704.0
convolution_11,2429,2431,4834,4834,102760448,0.5491788493676558,0.0,0.100352,102760448,100352.0
getitem_47,2433,-1,4834,4834,512,0.0,0.0,1e-06,512,0.10043945312500001
getitem_48,2434,-1,4834,4834,512,0.0,0.0,1e-06,512,0.10043945312500001
getitem_49,2435,-1,4834,4834,0,0.0,0.0,1e-06,0,0.1
relu__10,2436,2437,4830,4833,102760448,0.5432163211798744,0.0,0.100352,102760448,100352.0
convolution_12,2437,2439,4826,4826,25690112,0.5426875851845817,0.0,0.025088,25690112,25088.0
getitem_51,2441,-1,4826,4826,512,0.0,0.0,1e-06,512,0.10043945312500001
getitem_52,2442,-1,4826,4826,512,0.0,0.0,1e-06,512,0.10043945312500001
getitem_53,2443,-1,4826,4826,0,0.0,0.0,1e-06,0,0.1
relu__11,2444,2445,4822,4825,25690112,0.5405505931733623,0.0,0.025088,25690112,25088.0
convolution_13,2445,2447,4818,4818,102760448,0.5384240011854544,0.0,0.100352,102760448,100352.0
getitem_55,2449,-1,4818,4818,2048,0.0,0.0,2e-06,2048,0.203515625
getitem_56,2450,-1,4818,4818,2048,0.0,0.0,2e-06,2048,0.203515625
getitem_57,2451,-1,4818,4818,0,0.0,0.0,1e-06,0,0.1
convolution_14,2452,2454,4811,4811,102760448,0.5307615370082187,0.0,0.100352,102760448,100352.0
getitem_59,2456,-1,4811,4811,2048,0.0,0.0,2e-06,2048,0.203515625
getitem_60,2457,-1,4811,4811,2048,0.0,0.0,2e-06,2048,0.203515625
getitem_61,2458,-1,4811,4811,0,0.0,0.0,1e-06,0,0.1
relu__12,2460,2484,4806,4810,102760448,0.5209529610315784,0.0,0.100352,102760448,100352.0
convolution_15,2461,2463,4802,4802,25690112,0.5253613130527065,0.0,0.025088,25690112,25088.0
getitem_63,2465,-1,4802,4802,512,0.0,0.0,1e-06,512,0.10043945312500001
getitem_64,2466,-1,4802,4802,512,0.0,0.0,1e-06,512,0.10043945312500001
getitem_65,2467,-1,4802,4802,0,0.0,0.0,1e-06,0,0.1
relu__13,2468,2469,4798,4801,25690112,0.5220709130300658,0.0,0.025088,25690112,25088.0
convolution_16,2469,2471,4794,4794,25690112,0.5216041290371197,0.0,0.025088,25690112,25088.0
getitem_67,2473,-1,4794,4794,512,0.0,0.0,1e-06,512,0.10043945312500001
getitem_68,2474,-1,4794,4794,512,0.0,0.0,1e-06,512,0.10043945312500001
getitem_69,2475,-1,4794,4794,0,0.0,0.0,1e-06,0,0.1
relu__14,2476,2477,4790,4793,25690112,0.5195031370448399,0.0,0.025088,25690112,25088.0
convolution_17,2477,2479,4786,4786,102760448,0.5172982090024726,0.0,0.100352,102760448,100352.0
getitem_71,2481,-1,4786,4786,2048,0.0,0.0,2e-06,2048,0.203515625
getitem_72,2482,-1,4786,4786,2048,0.0,0.0,2e-06,2048,0.203515625
getitem_73,2483,-1,4786,4786,0,0.0,0.0,1e-06,0,0.1
relu__15,2485,2509,4781,4785,102760448,0.5075570569506362,0.0,0.100352,102760448,100352.0
convolution_18,2486,2488,4777,4777,25690112,0.5120087050071435,0.0,0.025088,25690112,25088.0
getitem_75,2490,-1,4777,4777,512,0.0,0.0,1e-06,512,0.10043945312500001
getitem_76,2491,-1,4777,4777,512,0.0,0.0,1e-06,512,0.10043945312500001
getitem_77,2492,-1,4777,4777,0,0.0,0.0,1e-06,0,0.1
relu__16,2493,2494,4773,4776,25690112,0.5087091209294725,0.0,0.025088,25690112,25088.0
convolution_19,2494,2496,4769,4769,25690112,0.5082034569347728,0.0,0.025088,25690112,25088.0
getitem_79,2498,-1,4769,4769,512,0.0,0.0,1e-06,512,0.10043945312500001
getitem_80,2499,-1,4769,4769,512,0.0,0.0,1e-06,512,0.10043945312500001
getitem_81,2500,-1,4769,4769,0,0.0,0.0,1e-06,0,0.1
relu__17,2501,2502,4765,4768,25690112,0.5060603209754901,0.0,0.025088,25690112,25088.0
convolution_20,2502,2504,4761,4761,102760448,0.5037522249205486,0.0,0.100352,102760448,100352.0
getitem_83,2506,-1,4761,4761,2048,0.0,0.0,2e-06,2048,0.203515625
getitem_84,2507,-1,4761,4761,2048,0.0,0.0,2e-06,2048,0.203515625
getitem_85,2508,-1,4761,4761,0,0.0,0.0,1e-06,0,0.1
relu__18,2510,2534,4756,4760,102760448,0.4938563208116668,0.0,0.100352,102760448,100352.0
convolution_21,2511,2513,4752,4752,25690112,0.4983922888657526,0.0,0.025088,25690112,25088.0
getitem_87,2515,-1,4752,4752,512,0.0,0.0,1e-06,512,0.10043945312500001
getitem_88,2516,-1,4752,4752,512,0.0,0.0,1e-06,512,0.10043945312500001
getitem_89,2517,-1,4752,4752,0,0.0,0.0,1e-06,0,0.1
relu__19,2518,2519,4748,4751,25690112,0.49511651282780633,0.0,0.025088,25690112,25088.0
convolution_22,2519,2521,4744,4744,25690112,0.49463164883502586,0.0,0.025088,25690112,25088.0
getitem_91,2523,-1,4744,4744,512,0.0,0.0,1e-06,512,0.10043945312500001
getitem_92,2524,-1,4744,4744,512,0.0,0.0,1e-06,512,0.10043945312500001
getitem_93,2525,-1,4744,4744,0,0.0,0.0,1e-06,0,0.1
relu__20,2526,2527,4740,4743,25690112,0.4924488328623103,0.0,0.025088,25690112,25088.0
convolution_23,2527,2529,4736,4736,102760448,0.4902286408657657,0.0,0.100352,102760448,100352.0
getitem_95,2531,-1,4736,4736,2048,0.0,0.0,2e-06,2048,0.203515625
getitem_96,2532,-1,4736,4736,2048,0.0,0.0,2e-06,2048,0.203515625
getitem_97,2533,-1,4736,4736,0,0.0,0.0,1e-06,0,0.1
relu__21,2535,2559,4731,4735,102760448,0.48007584088318817,0.0,0.100352,102760448,100352.0
convolution_24,2536,2538,4727,4727,25690112,0.4847073609104829,0.0,0.025088,25690112,25088.0
getitem_99,2540,-1,4727,4727,512,0.0,0.0,1e-06,512,0.10043945312500001
getitem_100,2541,-1,4727,4727,512,0.0,0.0,1e-06,512,0.10043945312500001
getitem_101,2542,-1,4727,4727,0,0.0,0.0,1e-06,0,0.1
relu__22,2543,2544,4723,4726,25690112,0.481290048895635,0.0,0.025088,25690112,25088.0
convolution_25,2544,2546,4719,4719,25690112,0.48073523289919673,0.0,0.025088,25690112,25088.0
getitem_103,2548,-1,4719,4719,512,0.0,0.0,1e-06,512,0.10043945312500001
getitem_104,2549,-1,4719,4719,512,0.0,0.0,1e-06,512,0.10043945312500001
getitem_105,2550,-1,4719,4719,0,0.0,0.0,1e-06,0,0.1
relu__23,2551,2552,4715,4718,25690112,0.4785139208922612,0.0,0.025088,25690112,25088.0
convolution_26,2552,2554,4711,4711,102760448,0.4762959368659633,0.0,0.100352,102760448,100352.0
getitem_107,2556,-1,4711,4711,2048,0.0,0.0,2e-06,2048,0.203515625
getitem_108,2557,-1,4711,4711,2048,0.0,0.0,2e-06,2048,0.203515625
getitem_109,2558,-1,4711,4711,0,0.0,0.0,1e-06,0,0.1
relu__24,2560,2584,4706,4710,102760448,0.4663531848809201,0.0,0.100352,102760448,100352.0
convolution_27,2561,2563,4702,4702,25690112,0.47090579285682027,0.0,0.025088,25690112,25088.0
getitem_111,2565,-1,4702,4702,512,0.0,0.0,1e-06,512,0.10043945312500001
getitem_112,2566,-1,4702,4702,512,0.0,0.0,1e-06,512,0.10043945312500001
getitem_113,2567,-1,4702,4702,0,0.0,0.0,1e-06,0,0.1
relu__25,2568,2569,4698,4701,25690112,0.46720636881165983,0.0,0.025088,25690112,25088.0
convolution_28,2569,2571,4694,4694,25690112,0.4666800648088086,0.0,0.025088,25690112,25088.0
getitem_115,2573,-1,4694,4694,512,0.0,0.0,1e-06,512,0.10043945312500001
getitem_116,2574,-1,4694,4694,512,0.0,0.0,1e-06,512,0.10043945312500001
getitem_117,2575,-1,4694,4694,0,0.0,0.0,1e-06,0,0.1
relu__26,2576,2577,4690,4693,25690112,0.4644649608286548,0.0,0.025088,25690112,25088.0
convolution_29,2577,2579,4686,4686,102760448,0.46221884884522135,0.0,0.100352,102760448,100352.0
getitem_119,2581,-1,4686,4686,2048,0.0,0.0,2e-06,2048,0.203515625
getitem_120,2582,-1,4686,4686,2048,0.0,0.0,2e-06,2048,0.203515625
getitem_121,2583,-1,4686,4686,0,0.0,0.0,1e-06,0,0.1
relu__27,2585,2609,4681,4685,102760448,0.4519964488225507,0.0,0.100352,102760448,100352.0
convolution_30,2586,2588,4677,4677,25690112,0.45655577690363697,0.0,0.025088,25690112,25088.0
getitem_123,2590,-1,4677,4677,512,0.0,0.0,1e-06,512,0.10043945312500001
getitem_124,2591,-1,4677,4677,512,0.0,0.0,1e-06,512,0.10043945312500001
getitem_125,2592,-1,4677,4677,0,0.0,0.0,1e-06,0,0.1
relu__28,2593,2594,4673,4676,25690112,0.4531358088946419,0.0,0.025088,25690112,25088.0
convolution_31,2594,2596,4669,4669,25690112,0.45255545687884857,0.0,0.025088,25690112,25088.0
getitem_127,2598,-1,4669,4669,512,0.0,0.0,1e-06,512,0.10043945312500001
getitem_128,2599,-1,4669,4669,512,0.0,0.0,1e-06,512,0.10043945312500001
getitem_129,2600,-1,4669,4669,0,0.0,0.0,1e-06,0,0.1
relu__29,2601,2602,4665,4668,25690112,0.45024124887049966,0.0,0.025088,25690112,25088.0
convolution_32,2602,2604,4661,4661,102760448,0.4478891528649239,0.0,0.100352,102760448,100352.0
getitem_131,2606,-1,4661,4661,2048,0.0,0.0,2e-06,2048,0.203515625
getitem_132,2607,-1,4661,4661,2048,0.0,0.0,2e-06,2048,0.203515625
getitem_133,2608,-1,4661,4661,0,0.0,0.0,1e-06,0,0.1
relu__30,2610,2634,4656,4660,102760448,0.4378401607582329,0.0,0.100352,102760448,100352.0
convolution_33,2611,2613,4652,4652,25690112,0.4423268167795598,0.0,0.025088,25690112,25088.0
getitem_135,2615,-1,4652,4652,512,0.0,0.0,1e-06,512,0.10043945312500001
getitem_136,2616,-1,4652,4652,512,0.0,0.0,1e-06,512,0.10043945312500001
getitem_137,2617,-1,4652,4652,0,0.0,0.0,1e-06,0,0.1
relu__31,2618,2619,4648,4651,25690112,0.438950976739636,0.0,0.025088,25690112,25088.0
convolution_34,2619,2621,4644,4644,25690112,0.43838883273210216,0.0,0.025088,25690112,25088.0
getitem_139,2623,-1,4644,4644,512,0.0,0.0,1e-06,512,0.10043945312500001
getitem_140,2624,-1,4644,4644,512,0.0,0.0,1e-06,512,0.10043945312500001
getitem_141,2625,-1,4644,4644,0,0.0,0.0,1e-06,0,0.1
relu__32,2626,2627,4640,4643,25690112,0.4361238087089716,0.0,0.025088,25690112,25088.0
convolution_35,2627,2629,4636,4636,102760448,0.4338492807010173,0.0,0.100352,102760448,100352.0
getitem_143,2631,-1,4636,4636,2048,0.0,0.0,2e-06,2048,0.203515625
getitem_144,2632,-1,4636,4636,2048,0.0,0.0,2e-06,2048,0.203515625
getitem_145,2633,-1,4636,4636,0,0.0,0.0,1e-06,0,0.1
relu__33,2635,2659,4608,4635,102760448,0.413804096666163,0.0,0.100352,102760448,100352.0
convolution_36,2636,2638,4627,4627,51380224,0.4266153607303261,0.0,0.050176,51380224,50176.0
getitem_147,2640,-1,4627,4627,1024,0.0,0.0,1e-06,1024,0.10087890625000001
getitem_148,2641,-1,4627,4627,1024,0.0,0.0,1e-06,1024,0.10087890625000001
getitem_149,2642,-1,4627,4627,0,0.0,0.0,1e-06,0,0.1
relu__34,2643,2644,4623,4626,51380224,0.4222176967365652,0.0,0.050176,51380224,50176.0
convolution_37,2644,2646,4619,4619,12845056,0.4218257287396102,0.0,0.012544,12845056,12544.0
getitem_151,2648,-1,4619,4619,1024,0.0,0.0,1e-06,1024,0.10087890625000001
getitem_152,2649,-1,4619,4619,1024,0.0,0.0,1e-06,1024,0.10087890625000001
getitem_153,2650,-1,4619,4619,0,0.0,0.0,1e-06,0,0.1
relu__35,2651,2652,4615,4618,12845056,0.4196384327476828,0.0,0.012544,12845056,12544.0
convolution_38,2652,2654,4611,4611,51380224,0.41877587274741224,0.0,0.050176,51380224,50176.0
getitem_155,2656,-1,4611,4611,4096,0.0,0.0,4e-06,4096,0.4140625
getitem_156,2657,-1,4611,4611,4096,0.0,0.0,4e-06,4096,0.4140625
getitem_157,2658,-1,4611,4611,0,0.0,0.0,1e-06,0,0.1
convolution_39,2659,2661,4604,4604,51380224,0.41295008069183514,0.0,0.050176,51380224,50176.0
getitem_159,2663,-1,4604,4604,4096,0.0,0.0,4e-06,4096,0.4140625
getitem_160,2664,-1,4604,4604,4096,0.0,0.0,4e-06,4096,0.4140625
getitem_161,2665,-1,4604,4604,0,0.0,0.0,1e-06,0,0.1
relu__36,2667,2691,4599,4603,51380224,0.40567625668737883,0.0,0.050176,51380224,50176.0
convolution_40,2668,2670,4595,4595,12845056,0.4091961287138969,0.0,0.012544,12845056,12544.0
getitem_163,2672,-1,4595,4595,1024,0.0,0.0,1e-06,1024,0.10087890625000001
getitem_164,2673,-1,4595,4595,1024,0.0,0.0,1e-06,1024,0.10087890625000001
getitem_165,2674,-1,4595,4595,0,0.0,0.0,1e-06,0,0.1
relu__37,2675,2676,4591,4594,12845056,0.40573702468070993,0.0,0.012544,12845056,12544.0
convolution_41,2676,2678,4587,4587,12845056,0.4053286086739958,0.0,0.012544,12845056,12544.0
getitem_167,2680,-1,4587,4587,1024,0.0,0.0,1e-06,1024,0.10087890625000001
getitem_168,2681,-1,4587,4587,1024,0.0,0.0,1e-06,1024,0.10087890625000001
getitem_169,2682,-1,4587,4587,0,0.0,0.0,1e-06,0,0.1
relu__38,2683,2684,4583,4586,12845056,0.4031688006864847,0.0,0.012544,12845056,12544.0
convolution_42,2684,2686,4579,4579,51380224,0.40230508866999154,0.0,0.050176,51380224,50176.0
getitem_171,2688,-1,4579,4579,4096,0.0,0.0,4e-06,4096,0.4140625
getitem_172,2689,-1,4579,4579,4096,0.0,0.0,4e-06,4096,0.4140625
getitem_173,2690,-1,4579,4579,0,0.0,0.0,1e-06,0,0.1
relu__39,2692,2716,4574,4578,51380224,0.39499238461721553,0.0,0.050176,51380224,50176.0
convolution_43,2693,2695,4570,4570,12845056,0.3985221446780474,0.0,0.012544,12845056,12544.0
getitem_175,2697,-1,4570,4570,1024,0.0,0.0,1e-06,1024,0.10087890625000001
getitem_176,2698,-1,4570,4570,1024,0.0,0.0,1e-06,1024,0.10087890625000001
getitem_177,2699,-1,4570,4570,0,0.0,0.0,1e-06,0,0.1
relu__40,2700,2701,4566,4569,12845056,0.39508998467866197,0.0,0.012544,12845056,12544.0
convolution_44,2701,2703,4562,4562,12845056,0.3946556166736395,0.0,0.012544,12845056,12544.0
getitem_179,2705,-1,4562,4562,1024,0.0,0.0,1e-06,1024,0.10087890625000001
getitem_180,2706,-1,4562,4562,1024,0.0,0.0,1e-06,1024,0.10087890625000001
getitem_181,2707,-1,4562,4562,0,0.0,0.0,1e-06,0,0.1
relu__41,2708,2709,4558,4561,12845056,0.39250720067228984,0.0,0.012544,12845056,12544.0
convolution_45,2709,2711,4554,4554,51380224,0.39164505667891214,0.0,0.050176,51380224,50176.0
getitem_183,2713,-1,4554,4554,4096,0.0,0.0,4e-06,4096,0.4140625
getitem_184,2714,-1,4554,4554,4096,0.0,0.0,4e-06,4096,0.4140625
getitem_185,2715,-1,4554,4554,0,0.0,0.0,1e-06,0,0.1
relu__42,2717,2741,4549,4553,51380224,0.38445312068704385,0.0,0.050176,51380224,50176.0
convolution_46,2718,2720,4545,4545,12845056,0.3878996487176033,0.0,0.012544,12845056,12544.0
getitem_187,2722,-1,4545,4545,1024,0.0,0.0,1e-06,1024,0.10087890625000001
getitem_188,2723,-1,4545,4545,1024,0.0,0.0,1e-06,1024,0.10087890625000001
getitem_189,2724,-1,4545,4545,0,0.0,0.0,1e-06,0,0.1
relu__43,2725,2726,4541,4544,12845056,0.3844035206539544,0.0,0.012544,12845056,12544.0
convolution_47,2726,2728,4537,4537,12845056,0.38404825665149706,0.0,0.012544,12845056,12544.0
getitem_191,2730,-1,4537,4537,1024,0.0,0.0,1e-06,1024,0.10087890625000001
getitem_192,2731,-1,4537,4537,1024,0.0,0.0,1e-06,1024,0.10087890625000001
getitem_193,2732,-1,4537,4537,0,0.0,0.0,1e-06,0,0.1
relu__44,2733,2734,4533,4536,12845056,0.381927872627041,0.0,0.012544,12845056,12544.0
convolution_48,2734,2736,4529,4529,51380224,0.3810880326265456,0.0,0.050176,51380224,50176.0
getitem_195,2738,-1,4529,4529,4096,0.0,0.0,4e-06,4096,0.4140625
getitem_196,2739,-1,4529,4529,4096,0.0,0.0,4e-06,4096,0.4140625
getitem_197,2740,-1,4529,4529,0,0.0,0.0,1e-06,0,0.1
relu__45,2742,2766,4524,4528,51380224,0.3738864326095195,0.0,0.050176,51380224,50176.0
convolution_49,2743,2745,4520,4520,12845056,0.3773726406367483,0.0,0.012544,12845056,12544.0
getitem_199,2747,-1,4520,4520,1024,0.0,0.0,1e-06,1024,0.10087890625000001
getitem_200,2748,-1,4520,4520,1024,0.0,0.0,1e-06,1024,0.10087890625000001
getitem_201,2749,-1,4520,4520,0,0.0,0.0,1e-06,0,0.1
relu__46,2750,2751,4516,4519,12845056,0.3739642246598364,0.0,0.012544,12845056,12544.0
convolution_50,2751,2753,4512,4512,12845056,0.37358873665984577,0.0,0.012544,12845056,12544.0
getitem_203,2755,-1,4512,4512,1024,0.0,0.0,1e-06,1024,0.10087890625000001
getitem_204,2756,-1,4512,4512,1024,0.0,0.0,1e-06,1024,0.10087890625000001
getitem_205,2757,-1,4512,4512,0,0.0,0.0,1e-06,0,0.1
relu__47,2758,2759,4508,4511,12845056,0.37145081664528556,0.0,0.012544,12845056,12544.0
convolution_51,2759,2761,4504,4504,51380224,0.37057904064748304,0.0,0.050176,51380224,50176.0
getitem_207,2763,-1,4504,4504,4096,0.0,0.0,4e-06,4096,0.4140625
getitem_208,2764,-1,4504,4504,4096,0.0,0.0,4e-06,4096,0.4140625
getitem_209,2765,-1,4504,4504,0,0.0,0.0,1e-06,0,0.1
relu__48,2767,2791,4499,4503,51380224,0.3629639686336728,0.0,0.050176,51380224,50176.0
convolution_52,2768,2770,4495,4495,12845056,0.36649558465089516,0.0,0.012544,12845056,12544.0
getitem_211,2772,-1,4495,4495,1024,0.0,0.0,1e-06,1024,0.10087890625000001
getitem_212,2773,-1,4495,4495,1024,0.0,0.0,1e-06,1024,0.10087890625000001
getitem_213,2774,-1,4495,4495,0,0.0,0.0,1e-06,0,0.1
relu__49,2775,2776,4491,4494,12845056,0.363020160638726,0.0,0.012544,12845056,12544.0
convolution_53,2776,2778,4487,4487,12845056,0.36259433662798135,0.0,0.012544,12845056,12544.0
getitem_215,2780,-1,4487,4487,1024,0.0,0.0,1e-06,1024,0.10087890625000001
getitem_216,2781,-1,4487,4487,1024,0.0,0.0,1e-06,1024,0.10087890625000001
getitem_217,2782,-1,4487,4487,0,0.0,0.0,1e-06,0,0.1
relu__50,2783,2784,4483,4486,12845056,0.36045942466240266,0.0,0.012544,12845056,12544.0
convolution_54,2784,2786,4479,4479,51380224,0.3595966086564574,0.0,0.050176,51380224,50176.0
getitem_219,2788,-1,4479,4479,4096,0.0,0.0,4e-06,4096,0.4140625
getitem_220,2789,-1,4479,4479,4096,0.0,0.0,4e-06,4096,0.4140625
getitem_221,2790,-1,4479,4479,0,0.0,0.0,1e-06,0,0.1
relu__51,2792,2816,4474,4478,51380224,0.35228729670029024,0.0,0.050176,51380224,50176.0
convolution_55,2793,2795,4470,4470,12845056,0.35578108869586034,0.0,0.012544,12845056,12544.0
getitem_223,2797,-1,4470,4470,1024,0.0,0.0,1e-06,1024,0.10087890625000001
getitem_224,2798,-1,4470,4470,1024,0.0,0.0,1e-06,1024,0.10087890625000001
getitem_225,2799,-1,4470,4470,0,0.0,0.0,1e-06,0,0.1
relu__52,2800,2801,4466,4469,12845056,0.3522773766545567,0.0,0.012544,12845056,12544.0
convolution_56,2801,2803,4462,4462,12845056,0.35190800065826505,0.0,0.012544,12845056,12544.0
getitem_227,2805,-1,4462,4462,1024,0.0,0.0,1e-06,1024,0.10087890625000001
getitem_228,2806,-1,4462,4462,1024,0.0,0.0,1e-06,1024,0.10087890625000001
getitem_229,2807,-1,4462,4462,0,0.0,0.0,1e-06,0,0.1
relu__53,2808,2809,4458,4461,12845056,0.34970128069352246,0.0,0.012544,12845056,12544.0
convolution_57,2809,2811,4454,4454,51380224,0.3488553926842276,0.0,0.050176,51380224,50176.0
getitem_231,2813,-1,4454,4454,4096,0.0,0.0,4e-06,4096,0.4140625
getitem_232,2814,-1,4454,4454,4096,0.0,0.0,4e-06,4096,0.4140625
getitem_233,2815,-1,4454,4454,0,0.0,0.0,1e-06,0,0.1
relu__54,2817,2841,4449,4453,51380224,0.3417433606339608,0.0,0.050176,51380224,50176.0
convolution_58,2818,2820,4445,4445,12845056,0.3451517126793031,0.0,0.012544,12845056,12544.0
getitem_235,2822,-1,4445,4445,1024,0.0,0.0,1e-06,1024,0.10087890625000001
getitem_236,2823,-1,4445,4445,1024,0.0,0.0,1e-06,1024,0.10087890625000001
getitem_237,2824,-1,4445,4445,0,0.0,0.0,1e-06,0,0.1
relu__55,2825,2826,4441,4444,12845056,0.34170646465290233,0.0,0.012544,12845056,12544.0
convolution_59,2826,2828,4437,4437,12845056,0.34132355265784914,0.0,0.012544,12845056,12544.0
getitem_239,2830,-1,4437,4437,1024,0.0,0.0,1e-06,1024,0.10087890625000001
getitem_240,2831,-1,4437,4437,1024,0.0,0.0,1e-06,1024,0.10087890625000001
getitem_241,2832,-1,4437,4437,0,0.0,0.0,1e-06,0,0.1
relu__56,2833,2834,4433,4436,12845056,0.3391805766196913,0.0,0.012544,12845056,12544.0
convolution_60,2834,2836,4429,4429,51380224,0.338296864625997,0.0,0.050176,51380224,50176.0
getitem_243,2838,-1,4429,4429,4096,0.0,0.0,4e-06,4096,0.4140625
getitem_244,2839,-1,4429,4429,4096,0.0,0.0,4e-06,4096,0.4140625
getitem_245,2840,-1,4429,4429,0,0.0,0.0,1e-06,0,0.1
relu__57,2842,2866,4424,4428,51380224,0.33088441661279544,0.0,0.050176,51380224,50176.0
convolution_61,2843,2845,4420,4420,12845056,0.33456025662552474,0.0,0.012544,12845056,12544.0
getitem_247,2847,-1,4420,4420,1024,0.0,0.0,1e-06,1024,0.10087890625000001
getitem_248,2848,-1,4420,4420,1024,0.0,0.0,1e-06,1024,0.10087890625000001
getitem_249,2849,-1,4420,4420,0,0.0,0.0,1e-06,0,0.1
relu__58,2850,2851,4416,4419,12845056,0.3310452486304557,0.0,0.012544,12845056,12544.0
convolution_62,2851,2853,4412,4412,12845056,0.33059808063972645,0.0,0.012544,12845056,12544.0
getitem_251,2855,-1,4412,4412,1024,0.0,0.0,1e-06,1024,0.10087890625000001
getitem_252,2856,-1,4412,4412,1024,0.0,0.0,1e-06,1024,0.10087890625000001
getitem_253,2857,-1,4412,4412,0,0.0,0.0,1e-06,0,0.1
relu__59,2858,2859,4408,4411,12845056,0.3283997126622115,0.0,0.012544,12845056,12544.0
convolution_63,2859,2861,4404,4404,51380224,0.3275513926586126,0.0,0.050176,51380224,50176.0
getitem_255,2863,-1,4404,4404,4096,0.0,0.0,4e-06,4096,0.4140625
getitem_256,2864,-1,4404,4404,4096,0.0,0.0,4e-06,4096,0.4140625
getitem_257,2865,-1,4404,4404,0,0.0,0.0,1e-06,0,0.1
relu__60,2867,2891,4399,4403,51380224,0.3201128006996579,0.0,0.050176,51380224,50176.0
convolution_64,2868,2870,4395,4395,12845056,0.3237200646931297,0.0,0.012544,12845056,12544.0
getitem_259,2872,-1,4395,4395,1024,0.0,0.0,1e-06,1024,0.10087890625000001
getitem_260,2873,-1,4395,4395,1024,0.0,0.0,1e-06,1024,0.10087890625000001
getitem_261,2874,-1,4395,4395,0,0.0,0.0,1e-06,0,0.1
relu__61,2875,2876,4391,4394,12845056,0.320243776661343,0.0,0.012544,12845056,12544.0
convolution_65,2876,2878,4387,4387,12845056,0.3198576966663814,0.0,0.012544,12845056,12544.0
getitem_263,2880,-1,4387,4387,1024,0.0,0.0,1e-06,1024,0.10087890625000001
getitem_264,2881,-1,4387,4387,1024,0.0,0.0,1e-06,1024,0.10087890625000001
getitem_265,2882,-1,4387,4387,0,0.0,0.0,1e-06,0,0.1
relu__62,2883,2884,4383,4386,12845056,0.31771363270748326,0.0,0.012544,12845056,12544.0
convolution_66,2884,2886,4379,4379,51380224,0.31683718471508393,0.0,0.050176,51380224,50176.0
getitem_267,2888,-1,4379,4379,4096,0.0,0.0,4e-06,4096,0.4140625
getitem_268,2889,-1,4379,4379,4096,0.0,0.0,4e-06,4096,0.4140625
getitem_269,2890,-1,4379,4379,0,0.0,0.0,1e-06,0,0.1
relu__63,2892,2916,4374,4378,51380224,0.30898086465615715,0.0,0.050176,51380224,50176.0
convolution_67,2893,2895,4370,4370,12845056,0.31296729668322887,0.0,0.012544,12845056,12544.0
getitem_271,2897,-1,4370,4370,1024,0.0,0.0,1e-06,1024,0.10087890625000001
getitem_272,2898,-1,4370,4370,1024,0.0,0.0,1e-06,1024,0.10087890625000001
getitem_273,2899,-1,4370,4370,0,0.0,0.0,1e-06,0,0.1
relu__64,2900,2901,4366,4369,12845056,0.30945785670820564,0.0,0.012544,12845056,12544.0
convolution_68,2901,2903,4362,4362,12845056,0.3089377286909143,0.0,0.012544,12845056,12544.0
getitem_275,2905,-1,4362,4362,1024,0.0,0.0,1e-06,1024,0.10087890625000001
getitem_276,2906,-1,4362,4362,1024,0.0,0.0,1e-06,1024,0.10087890625000001
getitem_277,2907,-1,4362,4362,0,0.0,0.0,1e-06,0,0.1
relu__65,2908,2909,4358,4361,12845056,0.3065455367146055,0.0,0.012544,12845056,12544.0
convolution_69,2909,2911,4354,4354,51380224,0.3055644807079802,0.0,0.050176,51380224,50176.0
getitem_279,2913,-1,4354,4354,4096,0.0,0.0,4e-06,4096,0.4140625
getitem_280,2914,-1,4354,4354,4096,0.0,0.0,4e-06,4096,0.4140625
getitem_281,2915,-1,4354,4354,0,0.0,0.0,1e-06,0,0.1
relu__66,2917,2941,4349,4353,51380224,0.29751296070311184,0.0,0.050176,51380224,50176.0
convolution_70,2918,2920,4345,4345,12845056,0.3014685766687612,0.0,0.012544,12845056,12544.0
getitem_283,2922,-1,4345,4345,1024,0.0,0.0,1e-06,1024,0.10087890625000001
getitem_284,2923,-1,4345,4345,1024,0.0,0.0,1e-06,1024,0.10087890625000001
getitem_285,2924,-1,4345,4345,0,0.0,0.0,1e-06,0,0.1
relu__67,2925,2926,4341,4344,12845056,0.29781411270517816,0.0,0.012544,12845056,12544.0
convolution_71,2926,2928,4337,4337,12845056,0.2973362247040491,0.0,0.012544,12845056,12544.0
getitem_287,2930,-1,4337,4337,1024,0.0,0.0,1e-06,1024,0.10087890625000001
getitem_288,2931,-1,4337,4337,1024,0.0,0.0,1e-06,1024,0.10087890625000001
getitem_289,2932,-1,4337,4337,0,0.0,0.0,1e-06,0,0.1
relu__68,2933,2934,4333,4336,12845056,0.2950189766800027,0.0,0.012544,12845056,12544.0
convolution_72,2934,2936,4329,4329,51380224,0.2941147846980016,0.0,0.050176,51380224,50176.0
getitem_291,2938,-1,4329,4329,4096,0.0,0.0,4e-06,4096,0.4140625
getitem_292,2939,-1,4329,4329,4096,0.0,0.0,4e-06,4096,0.4140625
getitem_293,2940,-1,4329,4329,0,0.0,0.0,1e-06,0,0.1
relu__69,2942,2966,4324,4328,51380224,0.28670742465648774,0.0,0.050176,51380224,50176.0
convolution_73,2943,2945,4320,4320,12845056,0.2902849607346576,0.0,0.012544,12845056,12544.0
getitem_295,2947,-1,4320,4320,1024,0.0,0.0,1e-06,1024,0.10087890625000001
getitem_296,2948,-1,4320,4320,1024,0.0,0.0,1e-06,1024,0.10087890625000001
getitem_297,2949,-1,4320,4320,0,0.0,0.0,1e-06,0,0.1
relu__70,2950,2951,4316,4319,12845056,0.2868321286933494,0.0,0.012544,12845056,12544.0
convolution_74,2951,2953,4312,4312,12845056,0.2864392327023668,0.0,0.012544,12845056,12544.0
getitem_299,2955,-1,4312,4312,1024,0.0,0.0,1e-06,1024,0.10087890625000001
getitem_300,2956,-1,4312,4312,1024,0.0,0.0,1e-06,1024,0.10087890625000001
getitem_301,2957,-1,4312,4312,0,0.0,0.0,1e-06,0,0.1
relu__71,2958,2959,4308,4311,12845056,0.2842509447047484,0.0,0.012544,12845056,12544.0
convolution_75,2959,2961,4304,4304,51380224,0.28338857671339035,0.0,0.050176,51380224,50176.0
getitem_303,2963,-1,4304,4304,4096,0.0,0.0,4e-06,4096,0.4140625
getitem_304,2964,-1,4304,4304,4096,0.0,0.0,4e-06,4096,0.4140625
getitem_305,2965,-1,4304,4304,0,0.0,0.0,1e-06,0,0.1
relu__72,2967,2991,4299,4303,51380224,0.2761216967208308,0.0,0.050176,51380224,50176.0
convolution_76,2968,2970,4295,4295,12845056,0.2787868487229567,0.0,0.012544,12845056,12544.0
getitem_307,2972,-1,4295,4295,1024,0.0,0.0,1e-06,1024,0.10087890625000001
getitem_308,2973,-1,4295,4295,1024,0.0,0.0,1e-06,1024,0.10087890625000001
getitem_309,2974,-1,4295,4295,0,0.0,0.0,1e-06,0,0.1
relu__73,2975,2976,4291,4294,12845056,0.2752654086640101,0.0,0.012544,12845056,12544.0
convolution_77,2976,2978,4287,4287,12845056,0.27476179265323997,0.0,0.012544,12845056,12544.0
getitem_311,2980,-1,4287,4287,1024,0.0,0.0,1e-06,1024,0.10087890625000001
getitem_312,2981,-1,4287,4287,1024,0.0,0.0,1e-06,1024,0.10087890625000001
getitem_313,2982,-1,4287,4287,0,0.0,0.0,1e-06,0,0.1
relu__74,2983,2984,4283,4286,12845056,0.27256640068907256,0.0,0.012544,12845056,12544.0
convolution_78,2984,2986,4279,4279,51380224,0.2716908806981515,0.0,0.050176,51380224,50176.0
getitem_315,2988,-1,4279,4279,4096,0.0,0.0,4e-06,4096,0.4140625
getitem_316,2989,-1,4279,4279,4096,0.0,0.0,4e-06,4096,0.4140625
getitem_317,2990,-1,4279,4279,0,0.0,0.0,1e-06,0,0.1
relu__75,2992,3016,4274,4278,51380224,0.26458278464805324,0.0,0.050176,51380224,50176.0
convolution_79,2993,2995,4270,4270,12845056,0.2679117126828057,0.0,0.012544,12845056,12544.0
getitem_319,2997,-1,4270,4270,1024,0.0,0.0,1e-06,1024,0.10087890625000001
getitem_320,2998,-1,4270,4270,1024,0.0,0.0,1e-06,1024,0.10087890625000001
getitem_321,2999,-1,4270,4270,0,0.0,0.0,1e-06,0,0.1
relu__76,3000,3001,4266,4269,12845056,0.26439916862640517,0.0,0.012544,12845056,12544.0
convolution_80,3001,3003,4262,4262,12845056,0.26400294463243323,0.0,0.012544,12845056,12544.0
getitem_323,3005,-1,4262,4262,1024,0.0,0.0,1e-06,1024,0.10087890625000001
getitem_324,3006,-1,4262,4262,1024,0.0,0.0,1e-06,1024,0.10087890625000001
getitem_325,3007,-1,4262,4262,0,0.0,0.0,1e-06,0,0.1
relu__77,3008,3009,4258,4261,12845056,0.2619436806151642,0.0,0.012544,12845056,12544.0
convolution_81,3009,3011,4254,4254,51380224,0.26107328062038865,0.0,0.050176,51380224,50176.0
getitem_327,3013,-1,4254,4254,4096,0.0,0.0,4e-06,4096,0.4140625
getitem_328,3014,-1,4254,4254,4096,0.0,0.0,4e-06,4096,0.4140625
getitem_329,3015,-1,4254,4254,0,0.0,0.0,1e-06,0,0.1
relu__78,3017,3041,4249,4253,51380224,0.25473606466408805,0.0,0.050176,51380224,50176.0
convolution_82,3018,3020,4245,4245,12845056,0.25738444863911697,0.0,0.012544,12845056,12544.0
getitem_331,3022,-1,4245,4245,1024,0.0,0.0,1e-06,1024,0.10087890625000001
getitem_332,3023,-1,4245,4245,1024,0.0,0.0,1e-06,1024,0.10087890625000001
getitem_333,3024,-1,4245,4245,0,0.0,0.0,1e-06,0,0.1
relu__79,3025,3026,4241,4244,12845056,0.2543401287021113,0.0,0.012544,12845056,12544.0
convolution_83,3026,3028,4237,4237,12845056,0.2540052807023746,0.0,0.012544,12845056,12544.0
getitem_335,3030,-1,4237,4237,1024,0.0,0.0,1e-06,1024,0.10087890625000001
getitem_336,3031,-1,4237,4237,1024,0.0,0.0,1e-06,1024,0.10087890625000001
getitem_337,3032,-1,4237,4237,0,0.0,0.0,1e-06,0,0.1
relu__80,3033,3034,4233,4236,12845056,0.2521482247104866,0.0,0.012544,12845056,12544.0
convolution_84,3034,3036,4229,4229,51380224,0.25127580871153604,0.0,0.050176,51380224,50176.0
getitem_339,3038,-1,4229,4229,4096,0.0,0.0,4e-06,4096,0.4140625
getitem_340,3039,-1,4229,4229,4096,0.0,0.0,4e-06,4096,0.4140625
getitem_341,3040,-1,4229,4229,0,0.0,0.0,1e-06,0,0.1
relu__81,3042,3066,4224,4228,51380224,0.24499065672326822,0.0,0.050176,51380224,50176.0
convolution_85,3043,3045,4220,4220,12845056,0.24778812873084077,0.0,0.012544,12845056,12544.0
getitem_343,3047,-1,4220,4220,1024,0.0,0.0,1e-06,1024,0.10087890625000001
getitem_344,3048,-1,4220,4220,1024,0.0,0.0,1e-06,1024,0.10087890625000001
getitem_345,3049,-1,4220,4220,0,0.0,0.0,1e-06,0,0.1
relu__82,3050,3051,4216,4219,12845056,0.24480208070483037,0.0,0.012544,12845056,12544.0
convolution_86,3051,3053,4212,4212,12845056,0.24446800070349106,0.0,0.012544,12845056,12544.0
getitem_347,3055,-1,4212,4212,1024,0.0,0.0,1e-06,1024,0.10087890625000001
getitem_348,3056,-1,4212,4212,1024,0.0,0.0,1e-06,1024,0.10087890625000001
getitem_349,3057,-1,4212,4212,0,0.0,0.0,1e-06,0,0.1
relu__83,3058,3059,4208,4211,12845056,0.24256886468175784,0.0,0.012544,12845056,12544.0
convolution_87,3059,3061,4204,4204,51380224,0.24169763265643252,0.0,0.050176,51380224,50176.0
getitem_351,3063,-1,4204,4204,4096,0.0,0.0,4e-06,4096,0.4140625
getitem_352,3064,-1,4204,4204,4096,0.0,0.0,4e-06,4096,0.4140625
getitem_353,3065,-1,4204,4204,0,0.0,0.0,1e-06,0,0.1
relu__84,3067,3091,4199,4203,51380224,0.23539267262909558,0.0,0.050176,51380224,50176.0
convolution_88,3068,3070,4195,4195,12845056,0.23822598463390005,0.0,0.012544,12845056,12544.0
getitem_355,3072,-1,4195,4195,1024,0.0,0.0,1e-06,1024,0.10087890625000001
getitem_356,3073,-1,4195,4195,1024,0.0,0.0,1e-06,1024,0.10087890625000001
getitem_357,3074,-1,4195,4195,0,0.0,0.0,1e-06,0,0.1
relu__85,3075,3076,4191,4194,12845056,0.23522908859420555,0.0,0.012544,12845056,12544.0
convolution_89,3076,3078,4187,4187,12845056,0.234842048591934,0.0,0.012544,12845056,12544.0
getitem_359,3080,-1,4187,4187,1024,0.0,0.0,1e-06,1024,0.10087890625000001
getitem_360,3081,-1,4187,4187,1024,0.0,0.0,1e-06,1024,0.10087890625000001
getitem_361,3082,-1,4187,4187,0,0.0,0.0,1e-06,0,0.1
relu__86,3083,3084,4183,4186,12845056,0.23288723260071117,0.0,0.012544,12845056,12544.0
convolution_90,3084,3086,4179,4179,51380224,0.23202732859458766,0.0,0.050176,51380224,50176.0
getitem_363,3088,-1,4179,4179,4096,0.0,0.0,4e-06,4096,0.4140625
getitem_364,3089,-1,4179,4179,4096,0.0,0.0,4e-06,4096,0.4140625
getitem_365,3090,-1,4179,4179,0,0.0,0.0,1e-06,0,0.1
relu__87,3092,3116,4174,4178,51380224,0.225803776522167,0.0,0.050176,51380224,50176.0
convolution_91,3093,3095,4170,4170,12845056,0.22856681658420708,0.0,0.012544,12845056,12544.0
getitem_367,3097,-1,4170,4170,1024,0.0,0.0,1e-06,1024,0.10087890625000001
getitem_368,3098,-1,4170,4170,1024,0.0,0.0,1e-06,1024,0.10087890625000001
getitem_369,3099,-1,4170,4170,0,0.0,0.0,1e-06,0,0.1
relu__88,3100,3101,4166,4169,12845056,0.22555145648773756,0.0,0.012544,12845056,12544.0
convolution_92,3101,3103,4162,4162,12845056,0.22521017648000266,0.0,0.012544,12845056,12544.0
getitem_371,3105,-1,4162,4162,1024,0.0,0.0,1e-06,1024,0.10087890625000001
getitem_372,3106,-1,4162,4162,1024,0.0,0.0,1e-06,1024,0.10087890625000001
getitem_373,3107,-1,4162,4162,0,0.0,0.0,1e-06,0,0.1
relu__89,3108,3109,4158,4161,12845056,0.22332899245712895,0.0,0.012544,12845056,12544.0
convolution_93,3109,3111,4154,4154,51380224,0.22248822445515534,0.0,0.050176,51380224,50176.0
getitem_375,3113,-1,4154,4154,4096,0.0,0.0,4e-06,4096,0.4140625
getitem_376,3114,-1,4154,4154,4096,0.0,0.0,4e-06,4096,0.4140625
getitem_377,3115,-1,4154,4154,0,0.0,0.0,1e-06,0,0.1
relu__90,3117,3141,4149,4153,51380224,0.21585872045066207,0.0,0.050176,51380224,50176.0
convolution_94,3118,3120,4145,4145,12845056,0.21884281645994622,0.0,0.012544,12845056,12544.0
getitem_379,3122,-1,4145,4145,1024,0.0,0.0,1e-06,1024,0.10087890625000001
getitem_380,3123,-1,4145,4145,1024,0.0,0.0,1e-06,1024,0.10087890625000001
getitem_381,3124,-1,4145,4145,0,0.0,0.0,1e-06,0,0.1
relu__91,3125,3126,4141,4144,12845056,0.21506915235426272,0.0,0.012544,12845056,12544.0
convolution_95,3126,3128,4137,4137,12845056,0.21461462435033166,0.0,0.012544,12845056,12544.0
getitem_383,3130,-1,4137,4137,1024,0.0,0.0,1e-06,1024,0.10087890625000001
getitem_384,3131,-1,4137,4137,1024,0.0,0.0,1e-06,1024,0.10087890625000001
getitem_385,3132,-1,4137,4137,0,0.0,0.0,1e-06,0,0.1
relu__92,3133,3134,4133,4136,12845056,0.21259907236043357,0.0,0.012544,12845056,12544.0
convolution_96,3134,3136,4129,4129,51380224,0.21172156833764164,0.0,0.050176,51380224,50176.0
getitem_387,3138,-1,4129,4129,4096,0.0,0.0,4e-06,4096,0.4140625
getitem_388,3139,-1,4129,4129,4096,0.0,0.0,4e-06,4096,0.4140625
getitem_389,3140,-1,4129,4129,0,0.0,0.0,1e-06,0,0.1
relu__93,3142,3166,4124,4128,51380224,0.2050826242817566,0.0,0.050176,51380224,50176.0
convolution_97,3143,3145,4120,4120,12845056,0.2079568323148414,0.0,0.012544,12845056,12544.0
getitem_391,3147,-1,4120,4120,1024,0.0,0.0,1e-06,1024,0.10087890625000001
getitem_392,3148,-1,4120,4120,1024,0.0,0.0,1e-06,1024,0.10087890625000001
getitem_393,3149,-1,4120,4120,0,0.0,0.0,1e-06,0,0.1
relu__94,3150,3151,4116,4119,12845056,0.20427180826757096,0.0,0.012544,12845056,12544.0
convolution_98,3151,3153,4112,4112,12845056,0.2039116482594981,0.0,0.012544,12845056,12544.0
getitem_395,3155,-1,4112,4112,1024,0.0,0.0,1e-06,1024,0.10087890625000001
getitem_396,3156,-1,4112,4112,1024,0.0,0.0,1e-06,1024,0.10087890625000001
getitem_397,3157,-1,4112,4112,0,0.0,0.0,1e-06,0,0.1
relu__95,3158,3159,4108,4111,12845056,0.20171920028608284,0.0,0.012544,12845056,12544.0
convolution_99,3159,3161,4104,4104,51380224,0.20079737627971914,0.0,0.050176,51380224,50176.0
getitem_399,3163,-1,4104,4104,4096,0.0,0.0,4e-06,4096,0.4140625
getitem_400,3164,-1,4104,4104,4096,0.0,0.0,4e-06,4096,0.4140625
getitem_401,3165,-1,4104,4104,0,0.0,0.0,1e-06,0,0.1
relu__96,3167,3191,4099,4103,51380224,0.19423036825004958,0.0,0.050176,51380224,50176.0
convolution_100,3168,3170,4095,4095,12845056,0.19701372825447463,0.0,0.012544,12845056,12544.0
getitem_403,3172,-1,4095,4095,1024,0.0,0.0,1e-06,1024,0.10087890625000001
getitem_404,3173,-1,4095,4095,1024,0.0,0.0,1e-06,1024,0.10087890625000001
getitem_405,3174,-1,4095,4095,0,0.0,0.0,1e-06,0,0.1
relu__97,3175,3176,4091,4094,12845056,0.1934903682442381,0.0,0.012544,12845056,12544.0
convolution_101,3176,3178,4087,4087,12845056,0.19311353624332686,0.0,0.012544,12845056,12544.0
getitem_407,3180,-1,4087,4087,1024,0.0,0.0,1e-06,1024,0.10087890625000001
getitem_408,3181,-1,4087,4087,1024,0.0,0.0,1e-06,1024,0.10087890625000001
getitem_409,3182,-1,4087,4087,0,0.0,0.0,1e-06,0,0.1
relu__98,3183,3184,4083,4086,12845056,0.19092396817822002,0.0,0.012544,12845056,12544.0
convolution_102,3184,3186,4079,4079,51380224,0.19006873617414374,0.0,0.050176,51380224,50176.0
getitem_411,3188,-1,4079,4079,4096,0.0,0.0,4e-06,4096,0.4140625
getitem_412,3189,-1,4079,4079,4096,0.0,0.0,4e-06,4096,0.4140625
getitem_413,3190,-1,4079,4079,0,0.0,0.0,1e-06,0,0.1
relu__99,3192,3216,4074,4078,51380224,0.18349692811164994,0.0,0.050176,51380224,50176.0
convolution_103,3193,3195,4070,4070,12845056,0.1862771200900897,0.0,0.012544,12845056,12544.0
getitem_415,3197,-1,4070,4070,1024,0.0,0.0,1e-06,1024,0.10087890625000001
getitem_416,3198,-1,4070,4070,1024,0.0,0.0,1e-06,1024,0.10087890625000001
getitem_417,3199,-1,4070,4070,0,0.0,0.0,1e-06,0,0.1
relu__100,3200,3201,4066,4069,12845056,0.18262272004876282,0.0,0.012544,12845056,12544.0
convolution_104,3201,3203,4062,4062,12845056,0.1822510080607608,0.0,0.012544,12845056,12544.0
getitem_419,3205,-1,4062,4062,1024,0.0,0.0,1e-06,1024,0.10087890625000001
getitem_420,3206,-1,4062,4062,1024,0.0,0.0,1e-06,1024,0.10087890625000001
getitem_421,3207,-1,4062,4062,0,0.0,0.0,1e-06,0,0.1
relu__101,3208,3209,4058,4061,12845056,0.18008012803737072,0.0,0.012544,12845056,12544.0
convolution_105,3209,3211,4054,4054,51380224,0.17922720005456358,0.0,0.050176,51380224,50176.0
getitem_423,3213,-1,4054,4054,4096,0.0,0.0,4e-06,4096,0.4140625
getitem_424,3214,-1,4054,4054,4096,0.0,0.0,4e-06,4096,0.4140625
getitem_425,3215,-1,4054,4054,0,0.0,0.0,1e-06,0,0.1
relu__102,3217,3241,4049,4053,51380224,0.17262163208331904,0.0,0.050176,51380224,50176.0
convolution_106,3218,3220,4045,4045,12845056,0.17545481612812722,0.0,0.012544,12845056,12544.0
getitem_427,3222,-1,4045,4045,1024,0.0,0.0,1e-06,1024,0.10087890625000001
getitem_428,3223,-1,4045,4045,1024,0.0,0.0,1e-06,1024,0.10087890625000001
getitem_429,3224,-1,4045,4045,0,0.0,0.0,1e-06,0,0.1
relu__103,3225,3226,4041,4044,12845056,0.1718770881267264,0.0,0.012544,12845056,12544.0
convolution_107,3226,3228,4037,4037,12845056,0.17149702413100748,0.0,0.012544,12845056,12544.0
getitem_431,3230,-1,4037,4037,1024,0.0,0.0,1e-06,1024,0.10087890625000001
getitem_432,3231,-1,4037,4037,1024,0.0,0.0,1e-06,1024,0.10087890625000001
getitem_433,3232,-1,4037,4037,0,0.0,0.0,1e-06,0,0.1
relu__104,3233,3234,4033,4036,12845056,0.16933321607578547,0.0,0.012544,12845056,12544.0
convolution_108,3234,3236,4029,4029,51380224,0.16845897608157248,0.0,0.050176,51380224,50176.0
getitem_435,3238,-1,4029,4029,4096,0.0,0.0,4e-06,4096,0.4140625
getitem_436,3239,-1,4029,4029,4096,0.0,0.0,4e-06,4096,0.4140625
getitem_437,3240,-1,4029,4029,0,0.0,0.0,1e-06,0,0.1
relu__105,3242,3266,4024,4028,51380224,0.16182518409844487,0.0,0.050176,51380224,50176.0
convolution_109,3243,3245,4020,4020,12845056,0.16468220802675929,0.0,0.012544,12845056,12544.0
getitem_439,3247,-1,4020,4020,1024,0.0,0.0,1e-06,1024,0.10087890625000001
getitem_440,3248,-1,4020,4020,1024,0.0,0.0,1e-06,1024,0.10087890625000001
getitem_441,3249,-1,4020,4020,0,0.0,0.0,1e-06,0,0.1
relu__106,3250,3251,4016,4019,12845056,0.16110876803193236,0.0,0.012544,12845056,12544.0
convolution_110,3251,3253,4012,4012,12845056,0.16066457602847362,0.0,0.012544,12845056,12544.0
getitem_443,3255,-1,4012,4012,1024,0.0,0.0,1e-06,1024,0.10087890625000001
getitem_444,3256,-1,4012,4012,1024,0.0,0.0,1e-06,1024,0.10087890625000001
getitem_445,3257,-1,4012,4012,0,0.0,0.0,1e-06,0,0.1
relu__107,3258,3259,4008,4011,12845056,0.1585173759954049,0.0,0.012544,12845056,12544.0
convolution_111,3259,3261,4004,4004,51380224,0.15765929601434614,0.0,0.050176,51380224,50176.0
getitem_447,3263,-1,4004,4004,4096,0.0,0.0,4e-06,4096,0.4140625
getitem_448,3264,-1,4004,4004,4096,0.0,0.0,4e-06,4096,0.4140625
getitem_449,3265,-1,4004,4004,0,0.0,0.0,1e-06,0,0.1
relu__108,3267,3291,3999,4003,51380224,0.1511260799719021,0.0,0.050176,51380224,50176.0
convolution_112,3268,3270,3995,3995,12845056,0.15390403200592848,0.0,0.012544,12845056,12544.0
getitem_451,3272,-1,3995,3995,1024,0.0,0.0,1e-06,1024,0.10087890625000001
getitem_452,3273,-1,3995,3995,1024,0.0,0.0,1e-06,1024,0.10087890625000001
getitem_453,3274,-1,3995,3995,0,0.0,0.0,1e-06,0,0.1
relu__109,3275,3276,3991,3994,12845056,0.15038454396557066,0.0,0.012544,12845056,12544.0
convolution_113,3276,3278,3987,3987,12845056,0.1500261119613424,0.0,0.012544,12845056,12544.0
getitem_455,3280,-1,3987,3987,1024,0.0,0.0,1e-06,1024,0.10087890625000001
getitem_456,3281,-1,3987,3987,1024,0.0,0.0,1e-06,1024,0.10087890625000001
getitem_457,3282,-1,3987,3987,0,0.0,0.0,1e-06,0,0.1
relu__110,3283,3284,3983,3986,12845056,0.14788790397811685,0.0,0.012544,12845056,12544.0
convolution_114,3284,3286,3979,3979,51380224,0.14703910396900036,0.0,0.050176,51380224,50176.0
getitem_459,3288,-1,3979,3979,4096,0.0,0.0,4e-06,4096,0.4140625
getitem_460,3289,-1,3979,3979,4096,0.0,0.0,4e-06,4096,0.4140625
getitem_461,3290,-1,3979,3979,0,0.0,0.0,1e-06,0,0.1
relu__111,3292,3316,3974,3978,51380224,0.14054099197406333,0.0,0.050176,51380224,50176.0
convolution_115,3293,3295,3970,3970,12845056,0.14331292796973152,0.0,0.012544,12845056,12544.0
getitem_463,3297,-1,3970,3970,1024,0.0,0.0,1e-06,1024,0.10087890625000001
getitem_464,3298,-1,3970,3970,1024,0.0,0.0,1e-06,1024,0.10087890625000001
getitem_465,3299,-1,3970,3970,0,0.0,0.0,1e-06,0,0.1
relu__112,3300,3301,3966,3969,12845056,0.13980390396434825,0.0,0.012544,12845056,12544.0
convolution_116,3301,3303,3962,3962,12845056,0.1394516159677879,0.0,0.012544,12845056,12544.0
getitem_467,3305,-1,3962,3962,1024,0.0,0.0,1e-06,1024,0.10087890625000001
getitem_468,3306,-1,3962,3962,1024,0.0,0.0,1e-06,1024,0.10087890625000001
getitem_469,3307,-1,3962,3962,0,0.0,0.0,1e-06,0,0.1
relu__113,3308,3309,3958,3961,12845056,0.13730863998923462,0.0,0.012544,12845056,12544.0
convolution_117,3309,3311,3954,3954,51380224,0.13642406397033494,0.0,0.050176,51380224,50176.0
getitem_471,3313,-1,3954,3954,4096,0.0,0.0,4e-06,4096,0.4140625
getitem_472,3314,-1,3954,3954,4096,0.0,0.0,4e-06,4096,0.4140625
getitem_473,3315,-1,3954,3954,0,0.0,0.0,1e-06,0,0.1
relu__114,3317,3341,3949,3953,51380224,0.12986931199301036,0.0,0.050176,51380224,50176.0
convolution_118,3318,3320,3945,3945,12845056,0.13264860801119363,0.0,0.012544,12845056,12544.0
getitem_475,3322,-1,3945,3945,1024,0.0,0.0,1e-06,1024,0.10087890625000001
getitem_476,3323,-1,3945,3945,1024,0.0,0.0,1e-06,1024,0.10087890625000001
getitem_477,3324,-1,3945,3945,0,0.0,0.0,1e-06,0,0.1
relu__115,3325,3326,3941,3944,12845056,0.12913305595237767,0.0,0.012544,12845056,12544.0
convolution_119,3326,3328,3937,3937,12845056,0.12877772794757045,0.0,0.012544,12845056,12544.0
getitem_479,3330,-1,3937,3937,1024,0.0,0.0,1e-06,1024,0.10087890625000001
getitem_480,3331,-1,3937,3937,1024,0.0,0.0,1e-06,1024,0.10087890625000001
getitem_481,3332,-1,3937,3937,0,0.0,0.0,1e-06,0,0.1
relu__116,3333,3334,3933,3936,12845056,0.12660595192294577,0.0,0.012544,12845056,12544.0
convolution_120,3334,3336,3929,3929,51380224,0.12575174394156788,0.0,0.050176,51380224,50176.0
getitem_483,3338,-1,3929,3929,4096,0.0,0.0,4e-06,4096,0.4140625
getitem_484,3339,-1,3929,3929,4096,0.0,0.0,4e-06,4096,0.4140625
getitem_485,3340,-1,3929,3929,0,0.0,0.0,1e-06,0,0.1
relu__117,3342,3366,3924,3928,51380224,0.11910070402454596,0.0,0.050176,51380224,50176.0
convolution_121,3343,3345,3920,3920,12845056,0.12191158396285033,0.0,0.012544,12845056,12544.0
getitem_487,3347,-1,3920,3920,1024,0.0,0.0,1e-06,1024,0.10087890625000001
getitem_488,3348,-1,3920,3920,1024,0.0,0.0,1e-06,1024,0.10087890625000001
getitem_489,3349,-1,3920,3920,0,0.0,0.0,1e-06,0,0.1
relu__118,3350,3351,3916,3919,12845056,0.11836963195819417,0.0,0.012544,12845056,12544.0
convolution_122,3351,3353,3912,3912,12845056,0.11796316795516767,0.0,0.012544,12845056,12544.0
getitem_491,3355,-1,3912,3912,1024,0.0,0.0,1e-06,1024,0.10087890625000001
getitem_492,3356,-1,3912,3912,1024,0.0,0.0,1e-06,1024,0.10087890625000001
getitem_493,3357,-1,3912,3912,0,0.0,0.0,1e-06,0,0.1
relu__119,3358,3359,3908,3911,12845056,0.11582511994894602,0.0,0.012544,12845056,12544.0
convolution_123,3359,3361,3904,3904,51380224,0.11498739194590607,0.0,0.050176,51380224,50176.0
getitem_495,3363,-1,3904,3904,4096,0.0,0.0,4e-06,4096,0.4140625
getitem_496,3364,-1,3904,3904,4096,0.0,0.0,4e-06,4096,0.4140625
getitem_497,3365,-1,3904,3904,0,0.0,0.0,1e-06,0,0.1
relu__120,3367,3391,3899,3903,51380224,0.10846873603109275,0.0,0.050176,51380224,50176.0
convolution_124,3368,3370,3895,3895,12845056,0.11123446402046835,0.0,0.012544,12845056,12544.0
getitem_499,3372,-1,3895,3895,1024,0.0,0.0,1e-06,1024,0.10087890625000001
getitem_500,3373,-1,3895,3895,1024,0.0,0.0,1e-06,1024,0.10087890625000001
getitem_501,3374,-1,3895,3895,0,0.0,0.0,1e-06,0,0.1
relu__121,3375,3376,3891,3894,12845056,0.1076913921060041,0.0,0.012544,12845056,12544.0
convolution_125,3376,3378,3887,3887,12845056,0.10734323210921144,0.0,0.012544,12845056,12544.0
getitem_503,3380,-1,3887,3887,1024,0.0,0.0,1e-06,1024,0.10087890625000001
getitem_504,3381,-1,3887,3887,1024,0.0,0.0,1e-06,1024,0.10087890625000001
getitem_505,3382,-1,3887,3887,0,0.0,0.0,1e-06,0,0.1
relu__122,3383,3384,3883,3886,12845056,0.10518668809067462,0.0,0.012544,12845056,12544.0
convolution_126,3384,3386,3879,3879,51380224,0.10429171209875494,0.0,0.050176,51380224,50176.0
getitem_507,3388,-1,3879,3879,4096,0.0,0.0,4e-06,4096,0.4140625
getitem_508,3389,-1,3879,3879,4096,0.0,0.0,4e-06,4096,0.4140625
getitem_509,3390,-1,3879,3879,0,0.0,0.0,1e-06,0,0.1
relu__123,3392,3416,3874,3878,51380224,0.09766259203571828,0.0,0.050176,51380224,50176.0
convolution_127,3393,3395,3870,3870,12845056,0.10043363208603114,0.0,0.012544,12845056,12544.0
getitem_511,3397,-1,3870,3870,1024,0.0,0.0,1e-06,1024,0.10087890625000001
getitem_512,3398,-1,3870,3870,1024,0.0,0.0,1e-06,1024,0.10087890625000001
getitem_513,3399,-1,3870,3870,0,0.0,0.0,1e-06,0,0.1
relu__124,3400,3401,3866,3869,12845056,0.09689776004757734,0.0,0.012544,12845056,12544.0
convolution_128,3401,3403,3862,3862,12845056,0.09648099204245955,0.0,0.012544,12845056,12544.0
getitem_515,3405,-1,3862,3862,1024,0.0,0.0,1e-06,1024,0.10087890625000001
getitem_516,3406,-1,3862,3862,1024,0.0,0.0,1e-06,1024,0.10087890625000001
getitem_517,3407,-1,3862,3862,0,0.0,0.0,1e-06,0,0.1
relu__125,3408,3409,3858,3861,12845056,0.09435619209241126,0.0,0.012544,12845056,12544.0
convolution_129,3409,3411,3854,3854,51380224,0.09348992009181532,0.0,0.050176,51380224,50176.0
getitem_519,3413,-1,3854,3854,4096,0.0,0.0,4e-06,4096,0.4140625
getitem_520,3414,-1,3854,3854,4096,0.0,0.0,4e-06,4096,0.4140625
getitem_521,3415,-1,3854,3854,0,0.0,0.0,1e-06,0,0.1
relu__126,3417,3441,3849,3853,51380224,0.08692502403911206,0.0,0.050176,51380224,50176.0
convolution_130,3418,3420,3845,3845,12845056,0.08964979210589083,0.0,0.012544,12845056,12544.0
getitem_523,3422,-1,3845,3845,1024,0.0,0.0,1e-06,1024,0.10087890625000001
getitem_524,3423,-1,3845,3845,1024,0.0,0.0,1e-06,1024,0.10087890625000001
getitem_525,3424,-1,3845,3845,0,0.0,0.0,1e-06,0,0.1
relu__127,3425,3426,3841,3844,12845056,0.08597148802410816,0.0,0.012544,12845056,12544.0
convolution_131,3426,3428,3837,3837,12845056,0.0856183040151373,0.0,0.012544,12845056,12544.0
getitem_527,3430,-1,3837,3837,1024,0.0,0.0,1e-06,1024,0.10087890625000001
getitem_528,3431,-1,3837,3837,1024,0.0,0.0,1e-06,1024,0.10087890625000001
getitem_529,3432,-1,3837,3837,0,0.0,0.0,1e-06,0,0.1
relu__128,3433,3434,3833,3836,12845056,0.08348339205514643,0.0,0.012544,12845056,12544.0
convolution_132,3434,3436,3829,3829,51380224,0.08265788805019114,0.0,0.050176,51380224,50176.0
getitem_531,3438,-1,3829,3829,4096,0.0,0.0,4e-06,4096,0.4140625
getitem_532,3439,-1,3829,3829,4096,0.0,0.0,4e-06,4096,0.4140625
getitem_533,3440,-1,3829,3829,0,0.0,0.0,1e-06,0,0.1
relu__129,3442,3466,3824,3828,51380224,0.07620473604928708,0.0,0.050176,51380224,50176.0
convolution_133,3443,3445,3820,3820,12845056,0.07889075207803406,0.0,0.012544,12845056,12544.0
getitem_535,3447,-1,3820,3820,1024,0.0,0.0,1e-06,1024,0.10087890625000001
getitem_536,3448,-1,3820,3820,1024,0.0,0.0,1e-06,1024,0.10087890625000001
getitem_537,3449,-1,3820,3820,0,0.0,0.0,1e-06,0,0.1
relu__130,3450,3451,3816,3819,12845056,0.07535590406972917,0.0,0.012544,12845056,12544.0
convolution_134,3451,3453,3812,3812,12845056,0.0750065280636773,0.0,0.012544,12845056,12544.0
getitem_539,3455,-1,3812,3812,1024,0.0,0.0,1e-06,1024,0.10087890625000001
getitem_540,3456,-1,3812,3812,1024,0.0,0.0,1e-06,1024,0.10087890625000001
getitem_541,3457,-1,3812,3812,0,0.0,0.0,1e-06,0,0.1
relu__131,3458,3459,3808,3811,12845056,0.07277430412452672,0.0,0.012544,12845056,12544.0
convolution_135,3459,3461,3804,3804,51380224,0.0719505921220407,0.0,0.050176,51380224,50176.0
getitem_543,3463,-1,3804,3804,4096,0.0,0.0,4e-06,4096,0.4140625
getitem_544,3464,-1,3804,3804,4096,0.0,0.0,4e-06,4096,0.4140625
getitem_545,3465,-1,3804,3804,0,0.0,0.0,1e-06,0,0.1
relu__132,3467,3491,3799,3803,51380224,0.06546697611454874,0.0,0.050176,51380224,50176.0
convolution_136,3468,3470,3795,3795,12845056,0.06821004812326285,0.0,0.012544,12845056,12544.0
getitem_547,3472,-1,3795,3795,1024,0.0,0.0,1e-06,1024,0.10087890625000001
getitem_548,3473,-1,3795,3795,1024,0.0,0.0,1e-06,1024,0.10087890625000001
getitem_549,3474,-1,3795,3795,0,0.0,0.0,1e-06,0,0.1
relu__133,3475,3476,3791,3794,12845056,0.06464979205559941,0.0,0.012544,12845056,12544.0
convolution_137,3476,3478,3787,3787,12845056,0.0642893120525405,0.0,0.012544,12845056,12544.0
getitem_551,3480,-1,3787,3787,1024,0.0,0.0,1e-06,1024,0.10087890625000001
getitem_552,3481,-1,3787,3787,1024,0.0,0.0,1e-06,1024,0.10087890625000001
getitem_553,3482,-1,3787,3787,0,0.0,0.0,1e-06,0,0.1
relu__134,3483,3484,3783,3786,12845056,0.06209590404387565,0.0,0.012544,12845056,12544.0
convolution_138,3484,3486,3779,3779,51380224,0.06124566405359656,0.0,0.050176,51380224,50176.0
getitem_555,3488,-1,3779,3779,4096,0.0,0.0,4e-06,4096,0.4140625
getitem_556,3489,-1,3779,3779,4096,0.0,0.0,4e-06,4096,0.4140625
getitem_557,3490,-1,3779,3779,0,0.0,0.0,1e-06,0,0.1
relu__135,3492,3516,3774,3778,51380224,0.05459724815469236,0.0,0.050176,51380224,50176.0
convolution_139,3493,3495,3770,3770,12845056,0.05734588816482574,0.0,0.012544,12845056,12544.0
getitem_559,3497,-1,3770,3770,1024,0.0,0.0,1e-06,1024,0.10087890625000001
getitem_560,3498,-1,3770,3770,1024,0.0,0.0,1e-06,1024,0.10087890625000001
getitem_561,3499,-1,3770,3770,0,0.0,0.0,1e-06,0,0.1
relu__136,3500,3501,3766,3769,12845056,0.053787584132514894,0.0,0.012544,12845056,12544.0
convolution_140,3501,3503,3762,3762,12845056,0.05339040014054626,0.0,0.012544,12845056,12544.0
getitem_563,3505,-1,3762,3762,1024,0.0,0.0,1e-06,1024,0.10087890625000001
getitem_564,3506,-1,3762,3762,1024,0.0,0.0,1e-06,1024,0.10087890625000001
getitem_565,3507,-1,3762,3762,0,0.0,0.0,1e-06,0,0.1
relu__137,3508,3509,3758,3761,12845056,0.05111001620721073,0.0,0.012544,12845056,12544.0
convolution_141,3509,3511,3754,3754,51380224,0.05018844820838422,0.0,0.050176,51380224,50176.0
getitem_567,3513,-1,3754,3754,4096,0.0,0.0,4e-06,4096,0.4140625
getitem_568,3514,-1,3754,3754,4096,0.0,0.0,4e-06,4096,0.4140625
getitem_569,3515,-1,3754,3754,0,0.0,0.0,1e-06,0,0.1
relu__138,3517,3541,3749,3753,51380224,0.043508128265850265,0.0,0.050176,51380224,50176.0
convolution_142,3518,3520,3745,3745,12845056,0.04629241624381394,0.0,0.012544,12845056,12544.0
getitem_571,3522,-1,3745,3745,1024,0.0,0.0,1e-06,1024,0.10087890625000001
getitem_572,3523,-1,3745,3745,1024,0.0,0.0,1e-06,1024,0.10087890625000001
getitem_573,3524,-1,3745,3745,0,0.0,0.0,1e-06,0,0.1
relu__139,3525,3526,3741,3744,12845056,0.042697216222994036,0.0,0.012544,12845056,12544.0
convolution_143,3526,3528,3737,3737,12845056,0.042296832223422835,0.0,0.012544,12845056,12544.0
getitem_575,3530,-1,3737,3737,1024,0.0,0.0,1e-06,1024,0.10087890625000001
getitem_576,3531,-1,3737,3737,1024,0.0,0.0,1e-06,1024,0.10087890625000001
getitem_577,3532,-1,3737,3737,0,0.0,0.0,1e-06,0,0.1
relu__140,3533,3534,3733,3736,12845056,0.04010259218234569,0.0,0.012544,12845056,12544.0
convolution_144,3534,3536,3729,3729,51380224,0.03924761616531759,0.0,0.050176,51380224,50176.0
getitem_579,3538,-1,3729,3729,4096,0.0,0.0,4e-06,4096,0.4140625
getitem_580,3539,-1,3729,3729,4096,0.0,0.0,4e-06,4096,0.4140625
getitem_581,3540,-1,3729,3729,0,0.0,0.0,1e-06,0,0.1
relu__141,3542,3566,3701,3728,51380224,0.022234560062177475,0.0,0.050176,51380224,50176.0
convolution_145,3543,3545,3720,3720,25690112,0.033770271995104864,0.0,0.025088,25690112,25088.0
getitem_583,3547,-1,3720,3720,2048,0.0,0.0,2e-06,2048,0.203515625
getitem_584,3548,-1,3720,3720,2048,0.0,0.0,2e-06,2048,0.203515625
getitem_585,3549,-1,3720,3720,0,0.0,0.0,1e-06,0,0.1
relu__142,3550,3551,3716,3719,25690112,0.029829919998534033,0.0,0.025088,25690112,25088.0
convolution_146,3551,3553,3712,3712,6422528,0.02950022399704904,0.0,0.006272,6422528,6272.0
getitem_587,3555,-1,3712,3712,2048,0.0,0.0,2e-06,2048,0.203515625
getitem_588,3556,-1,3712,3712,2048,0.0,0.0,2e-06,2048,0.203515625
getitem_589,3557,-1,3712,3712,0,0.0,0.0,1e-06,0,0.1
relu__143,3558,3559,3708,3711,6422528,0.027316064030863348,0.0,0.006272,6422528,6272.0
convolution_147,3559,3561,3704,3704,25690112,0.026752032018266616,0.0,0.025088,25690112,25088.0
getitem_591,3563,-1,3704,3704,8192,0.0,0.0,8e-06,8192,0.8562500000000001
getitem_592,3564,-1,3704,3704,8192,0.0,0.0,8e-06,8192,0.8562500000000001
getitem_593,3565,-1,3704,3704,0,0.0,0.0,1e-06,0,0.1
convolution_148,3566,3568,3697,3697,25690112,0.02172988805267959,0.0,0.025088,25690112,25088.0
getitem_595,3570,-1,3697,3697,8192,0.0,0.0,8e-06,8192,0.8562500000000001
getitem_596,3571,-1,3697,3697,8192,0.0,0.0,8e-06,8192,0.8562500000000001
getitem_597,3572,-1,3697,3697,0,0.0,0.0,1e-06,0,0.1
relu__144,3574,3598,3692,3696,25690112,0.01584028817899525,0.0,0.025088,25690112,25088.0
convolution_149,3575,3577,3688,3688,6422528,0.018506816119886936,0.0,0.006272,6422528,6272.0
getitem_599,3579,-1,3688,3688,2048,0.0,0.0,2e-06,2048,0.203515625
getitem_600,3580,-1,3688,3688,2048,0.0,0.0,2e-06,2048,0.203515625
getitem_601,3581,-1,3688,3688,0,0.0,0.0,1e-06,0,0.1
relu__145,3582,3583,3684,3687,6422528,0.01497494417335838,0.0,0.006272,6422528,6272.0
convolution_150,3583,3585,3680,3680,6422528,0.014632928176783026,0.0,0.006272,6422528,6272.0
getitem_603,3587,-1,3680,3680,2048,0.0,0.0,2e-06,2048,0.203515625
getitem_604,3588,-1,3680,3680,2048,0.0,0.0,2e-06,2048,0.203515625
getitem_605,3589,-1,3680,3680,0,0.0,0.0,1e-06,0,0.1
relu__146,3590,3591,3676,3679,6422528,0.012312512203119694,0.0,0.006272,6422528,6272.0
convolution_151,3591,3593,3672,3672,25690112,0.011779968195594846,0.0,0.025088,25690112,25088.0
getitem_607,3595,-1,3672,3672,8192,0.0,0.0,8e-06,8192,0.8562500000000001
getitem_608,3596,-1,3672,3672,8192,0.0,0.0,8e-06,8192,0.8562500000000001
getitem_609,3597,-1,3672,3672,0,0.0,0.0,1e-06,0,0.1
relu__147,3599,3623,3667,3671,25690112,0.005947296041995287,0.0,0.025088,25690112,25088.0
convolution_152,3600,3602,3663,3663,6422528,0.008471680104732511,0.0,0.006272,6422528,6272.0
getitem_611,3604,-1,3663,3663,2048,0.0,0.0,2e-06,2048,0.203515625
getitem_612,3605,-1,3663,3663,2048,0.0,0.0,2e-06,2048,0.203515625
getitem_613,3606,-1,3663,3663,0,0.0,0.0,1e-06,0,0.1
relu__148,3607,3608,3659,3662,6422528,0.004843679990619421,0.0,0.006272,6422528,6272.0
convolution_153,3608,3610,3655,3655,6422528,0.004525215990841389,0.0,0.006272,6422528,6272.0
getitem_615,3612,-1,3655,3655,2048,0.0,0.0,2e-06,2048,0.203515625
getitem_616,3613,-1,3655,3655,2048,0.0,0.0,2e-06,2048,0.203515625
getitem_617,3614,-1,3655,3655,0,0.0,0.0,1e-06,0,0.1
relu__149,3615,3616,3651,3654,6422528,0.002205664001405239,0.0,0.006272,6422528,6272.0
convolution_154,3616,3618,3647,3647,25690112,0.0016640000008046627,0.0,0.025088,25690112,25088.0
getitem_619,3620,-1,3647,3647,8192,0.0,0.0,8e-06,8192,0.8562500000000001
getitem_620,3621,-1,3647,3647,8192,0.0,0.0,8e-06,8192,0.8562500000000001
getitem_621,3622,-1,3647,3647,0,0.0,0.0,1e-06,0,0.1
relu__150,3624,3625,3646,3646,25690112,0.001068063996732235,0.0,0.025088,25690112,25088.0
view,3626,3628,3638,3638,524288,0.00044339199736714364,0.0,0.000512,524288,281.6
t,3627,3628,3635,3635,8192000,0.0002570240013301373,0.0,0.008,8192000,8000.000000000001
