activation_name,creation_rank,last_fw_use_rank,first_bw_use_rank,last_bw_use_rank,avg_mem_size_bytes,inactive_time_s,avg_swap_time_s,recomp_time_s,recomp_memory_bytes,recompute_ratio
convolution,2336,2338,4926,4926,51380224,0.7553034891262679,0.0,0.00854220812022686,51380224,inf
getitem_1,2340,-1,4926,4926,256,0.0,0.0,0.0,256,0.0
getitem_2,2341,-1,4926,4926,256,0.0,0.0,0.0,256,0.0
getitem_3,2342,-1,4926,4926,0,0.0,0.0,0.0,0,0.0
relu_,2343,2344,4924,4925,51380224,0.7419105931147958,0.0,0.006632447957992553,51380224,inf
getitem_4,2345,2370,4897,4920,12845056,0.7107112330570838,0.0,0.014024768054485322,12845056,inf
getitem_5,2346,-1,4924,4924,25690112,0.0,0.0,0.0,25690112,0.0
convolution_1,2347,2349,4916,4916,12845056,0.7388867211453644,0.0,0.0011397119611501693,12845056,inf
getitem_7,2351,-1,4916,4916,256,0.0,0.0,0.0,256,0.0
getitem_8,2352,-1,4916,4916,256,0.0,0.0,0.0,256,0.0
getitem_9,2353,-1,4916,4916,0,0.0,0.0,0.0,0,0.0
relu__1,2354,2355,4912,4915,12845056,0.734005249138924,0.0,0.0015912959799170494,12845056,inf
convolution_2,2355,2357,4908,4908,12845056,0.7331849611364329,0.0,0.001732607990503311,12845056,inf
getitem_11,2359,-1,4908,4908,256,0.0,0.0,0.0,256,0.0
getitem_12,2360,-1,4908,4908,256,0.0,0.0,0.0,256,0.0
getitem_13,2361,-1,4908,4908,0,0.0,0.0,0.0,0,0.0
relu__2,2362,2363,4904,4907,12845056,0.7277147531472171,0.0,0.002102272041141987,12845056,inf
convolution_3,2363,2365,4900,4900,51380224,0.7166453130096219,0.0,0.007128064081072807,51380224,inf
getitem_15,2367,-1,4900,4900,1024,0.0,0.0,0.0,1024,0.0
getitem_16,2368,-1,4900,4900,1024,0.0,0.0,0.0,1024,0.0
getitem_17,2369,-1,4900,4900,0,0.0,0.0,0.0,0,0.0
convolution_4,2370,2372,4893,4893,51380224,0.6995250570327066,0.0,0.007887871891260147,51380224,inf
getitem_19,2374,-1,4893,4893,1024,0.0,0.0,0.0,1024,0.0
getitem_20,2375,-1,4893,4893,1024,0.0,0.0,0.0,1024,0.0
getitem_21,2376,-1,4893,4893,0,0.0,0.0,0.0,0,0.0
relu__3,2378,2402,4888,4892,51380224,0.6566931845732054,0.0,0.023231488123536106,51380224,inf
convolution_5,2379,2381,4884,4884,12845056,0.6738185606263594,0.0,0.00161894404143095,12845056,inf
getitem_23,2383,-1,4884,4884,256,0.0,0.0,0.0,256,0.0
getitem_24,2384,-1,4884,4884,256,0.0,0.0,0.0,256,0.0
getitem_25,2385,-1,4884,4884,0,0.0,0.0,0.0,0,0.0
relu__4,2386,2387,4880,4883,12845056,0.668769216615708,0.0,0.0016384000033140183,12845056,inf
convolution_6,2387,2389,4876,4876,12845056,0.6678128005974007,0.0,0.0017817600071430204,12845056,inf
getitem_27,2391,-1,4876,4876,256,0.0,0.0,0.0,256,0.0
getitem_28,2392,-1,4876,4876,256,0.0,0.0,0.0,256,0.0
getitem_29,2393,-1,4876,4876,0,0.0,0.0,0.0,0,0.0
relu__5,2394,2395,4872,4875,12845056,0.6622770565971746,0.0,0.0021063679829239844,12845056,inf
convolution_7,2395,2397,4868,4868,51380224,0.6510519686862842,0.0,0.006889472126960754,51380224,inf
getitem_31,2399,-1,4868,4868,1024,0.0,0.0,0.0,1024,0.0
getitem_32,2400,-1,4868,4868,1024,0.0,0.0,0.0,1024,0.0
getitem_33,2401,-1,4868,4868,0,0.0,0.0,0.0,0,0.0
relu__6,2403,2427,4863,4867,51380224,0.6087659204676762,0.0,0.022893536463379858,51380224,inf
convolution_8,2404,2406,4859,4859,12845056,0.625755072869362,0.0,0.0014929919838905334,12845056,inf
getitem_35,2408,-1,4859,4859,256,0.0,0.0,0.0,256,0.0
getitem_36,2409,-1,4859,4859,256,0.0,0.0,0.0,256,0.0
getitem_37,2410,-1,4859,4859,0,0.0,0.0,0.0,0,0.0
relu__7,2411,2412,4855,4858,12845056,0.62066172880307,0.0,0.0016506880223751067,12845056,inf
convolution_9,2412,2414,4851,4851,12845056,0.6198517447710052,0.0,0.0016967680193483827,12845056,inf
getitem_39,2416,-1,4851,4851,256,0.0,0.0,0.0,256,0.0
getitem_40,2417,-1,4851,4851,256,0.0,0.0,0.0,256,0.0
getitem_41,2418,-1,4851,4851,0,0.0,0.0,0.0,0,0.0
relu__8,2419,2420,4847,4850,12845056,0.6145515208318846,0.0,0.0020817920342087745,12845056,inf
convolution_10,2420,2422,4843,4843,51380224,0.6031646408513202,0.0,0.007088128089904785,51380224,inf
getitem_43,2424,-1,4843,4843,1024,0.0,0.0,0.0,1024,0.0
getitem_44,2425,-1,4843,4843,1024,0.0,0.0,0.0,1024,0.0
getitem_45,2426,-1,4843,4843,0,0.0,0.0,0.0,0,0.0
relu__9,2428,2452,4815,4842,51380224,0.5519113606102771,0.0,0.016686111565679316,51380224,inf
convolution_11,2429,2431,4834,4834,25690112,0.5743113924488437,0.0,0.0033617919683456418,25690112,inf
getitem_47,2433,-1,4834,4834,512,0.0,0.0,0.0,512,0.0
getitem_48,2434,-1,4834,4834,512,0.0,0.0,0.0,512,0.0
getitem_49,2435,-1,4834,4834,0,0.0,0.0,0.0,0,0.0
relu__10,2436,2437,4830,4833,25690112,0.5665863363742837,0.0,0.0023531518876552583,25690112,inf
convolution_12,2437,2439,4826,4826,6422528,0.5659750083833941,0.0,0.002370559886097908,6422528,inf
getitem_51,2441,-1,4826,4826,512,0.0,0.0,0.0,512,0.0
getitem_52,2442,-1,4826,4826,512,0.0,0.0,0.0,512,0.0
getitem_53,2443,-1,4826,4826,0,0.0,0.0,0.0,0,0.0
relu__11,2444,2445,4822,4825,6422528,0.5644041603840896,0.0,0.0006983679719269275,6422528,inf
convolution_13,2445,2447,4818,4818,25690112,0.5615912323854872,0.0,0.0017223679572343827,25690112,inf
getitem_55,2449,-1,4818,4818,2048,0.0,0.0,0.0,2048,0.0
getitem_56,2450,-1,4818,4818,2048,0.0,0.0,0.0,2048,0.0
getitem_57,2451,-1,4818,4818,0,0.0,0.0,0.0,0,0.0
convolution_14,2452,2454,4811,4811,25690112,0.5493441925719387,0.0,0.005847039852291346,25690112,inf
getitem_59,2456,-1,4811,4811,2048,0.0,0.0,0.0,2048,0.0
getitem_60,2457,-1,4811,4811,2048,0.0,0.0,0.0,2048,0.0
getitem_61,2458,-1,4811,4811,0,0.0,0.0,0.0,0,0.0
relu__12,2460,2484,4806,4810,25690112,0.5333288646265868,0.0,0.008373215932399033,25690112,inf
convolution_15,2461,2463,4802,4802,6422528,0.5402756805382676,0.0,0.0008345279991626739,6422528,inf
getitem_63,2465,-1,4802,4802,512,0.0,0.0,0.0,512,0.0
getitem_64,2466,-1,4802,4802,512,0.0,0.0,0.0,512,0.0
getitem_65,2467,-1,4802,4802,0,0.0,0.0,0.0,0,0.0
relu__13,2468,2469,4798,4801,6422528,0.5367592645473785,0.0,0.0013813759610056878,6422528,inf
convolution_16,2469,2471,4794,4794,6422528,0.5358038725592202,0.0,0.0017981439530849457,6422528,inf
getitem_67,2473,-1,4794,4794,512,0.0,0.0,0.0,512,0.0
getitem_68,2474,-1,4794,4794,512,0.0,0.0,0.0,512,0.0
getitem_69,2475,-1,4794,4794,0,0.0,0.0,0.0,0,0.0
relu__14,2476,2477,4790,4793,6422528,0.5338285765796907,0.0,0.0008171519935131073,6422528,inf
convolution_17,2477,2479,4786,4786,25690112,0.5305190085582441,0.0,0.002385919988155365,25690112,inf
getitem_71,2481,-1,4786,4786,2048,0.0,0.0,0.0,2048,0.0
getitem_72,2482,-1,4786,4786,2048,0.0,0.0,0.0,2048,0.0
getitem_73,2483,-1,4786,4786,0,0.0,0.0,0.0,0,0.0
relu__15,2485,2509,4781,4785,25690112,0.5151497925817969,0.0,0.0079421440474689,25690112,inf
convolution_18,2486,2488,4777,4777,6422528,0.5217064646296209,0.0,0.000838655985891819,6422528,inf
getitem_75,2490,-1,4777,4777,512,0.0,0.0,0.0,512,0.0
getitem_76,2491,-1,4777,4777,512,0.0,0.0,0.0,512,0.0
getitem_77,2492,-1,4777,4777,0,0.0,0.0,0.0,0,0.0
relu__16,2493,2494,4773,4776,6422528,0.5182566086463634,0.0,0.001416192002594471,6422528,inf
convolution_19,2494,2496,4769,4769,6422528,0.5175561926476661,0.0,0.0015493120104074479,6422528,inf
getitem_79,2498,-1,4769,4769,512,0.0,0.0,0.0,512,0.0
getitem_80,2499,-1,4769,4769,512,0.0,0.0,0.0,512,0.0
getitem_81,2500,-1,4769,4769,0,0.0,0.0,0.0,0,0.0
relu__17,2501,2502,4765,4768,6422528,0.5157129926867787,0.0,0.0007587839886546134,6422528,inf
convolution_20,2502,2504,4761,4761,25690112,0.5123348166421059,0.0,0.0022978560253977777,25690112,inf
getitem_83,2506,-1,4761,4761,2048,0.0,0.0,0.0,2048,0.0
getitem_84,2507,-1,4761,4761,2048,0.0,0.0,0.0,2048,0.0
getitem_85,2508,-1,4761,4761,0,0.0,0.0,0.0,0,0.0
relu__18,2510,2534,4756,4760,25690112,0.49746224067919026,0.0,0.007485439850017428,25690112,inf
convolution_21,2511,2513,4752,4752,6422528,0.5037137605082246,0.0,0.0007669760063290595,6422528,inf
getitem_87,2515,-1,4752,4752,512,0.0,0.0,0.0,512,0.0
getitem_88,2516,-1,4752,4752,512,0.0,0.0,0.0,512,0.0
getitem_89,2517,-1,4752,4752,0,0.0,0.0,0.0,0,0.0
relu__19,2518,2519,4748,4751,6422528,0.5004666565191004,0.0,0.001372159991413355,6422528,inf
convolution_22,2519,2521,4744,4744,6422528,0.4998266565110539,0.0,0.001492991991341114,6422528,inf
getitem_91,2523,-1,4744,4744,512,0.0,0.0,0.0,512,0.0
getitem_92,2524,-1,4744,4744,512,0.0,0.0,0.0,512,0.0
getitem_93,2525,-1,4744,4744,0,0.0,0.0,0.0,0,0.0
relu__20,2526,2527,4740,4743,6422528,0.4981135045364505,0.0,0.0007208959795534611,6422528,inf
convolution_23,2527,2529,4736,4736,25690112,0.49502409658581076,0.0,0.002215935952961445,25690112,inf
getitem_95,2531,-1,4736,4736,2048,0.0,0.0,0.0,2048,0.0
getitem_96,2532,-1,4736,4736,2048,0.0,0.0,0.0,2048,0.0
getitem_97,2533,-1,4736,4736,0,0.0,0.0,0.0,0,0.0
relu__21,2535,2559,4731,4735,25690112,0.480158752799035,0.0,0.007502784006297588,25690112,inf
convolution_24,2536,2538,4727,4727,6422528,0.4863661768063909,0.0,0.0008448000103235244,6422528,inf
getitem_99,2540,-1,4727,4727,512,0.0,0.0,0.0,512,0.0
getitem_100,2541,-1,4727,4727,512,0.0,0.0,0.0,512,0.0
getitem_101,2542,-1,4727,4727,0,0.0,0.0,0.0,0,0.0
relu__22,2543,2544,4723,4726,6422528,0.48335766472481256,0.0,0.0011008000560104847,6422528,inf
convolution_25,2544,2546,4719,4719,6422528,0.4828016327153898,0.0,0.0012113920524716376,6422528,inf
getitem_103,2548,-1,4719,4719,512,0.0,0.0,0.0,512,0.0
getitem_104,2549,-1,4719,4719,512,0.0,0.0,0.0,512,0.0
getitem_105,2550,-1,4719,4719,0,0.0,0.0,0.0,0,0.0
relu__23,2551,2552,4715,4718,6422528,0.48103318472392925,0.0,0.0006594560146331787,6422528,inf
convolution_26,2552,2554,4711,4711,25690112,0.4776520007532097,0.0,0.002272191971540451,25690112,inf
getitem_107,2556,-1,4711,4711,2048,0.0,0.0,0.0,2048,0.0
getitem_108,2557,-1,4711,4711,2048,0.0,0.0,0.0,2048,0.0
getitem_109,2558,-1,4711,4711,0,0.0,0.0,0.0,0,0.0
relu__24,2560,2584,4706,4710,25690112,0.4630632006712264,0.0,0.007233408065512777,25690112,inf
convolution_27,2561,2563,4702,4702,6422528,0.4691078087259091,0.0,0.0006604160070419312,6422528,inf
getitem_111,2565,-1,4702,4702,512,0.0,0.0,0.0,512,0.0
getitem_112,2566,-1,4702,4702,512,0.0,0.0,0.0,512,0.0
getitem_113,2567,-1,4702,4702,0,0.0,0.0,0.0,0,0.0
relu__25,2568,2569,4698,4701,6422528,0.46609315273910834,0.0,0.0010895359739661217,6422528,inf
convolution_28,2569,2571,4694,4694,6422528,0.4654736967459328,0.0,0.001189823977649212,6422528,inf
getitem_115,2573,-1,4694,4694,512,0.0,0.0,0.0,512,0.0
getitem_116,2574,-1,4694,4694,512,0.0,0.0,0.0,512,0.0
getitem_117,2575,-1,4694,4694,0,0.0,0.0,0.0,0,0.0
relu__26,2576,2577,4690,4693,6422528,0.46383836874738404,0.0,0.0006225920058786869,6422528,inf
convolution_29,2577,2579,4686,4686,25690112,0.46049091279879273,0.0,0.0022753279730677606,25690112,inf
getitem_119,2581,-1,4686,4686,2048,0.0,0.0,0.0,2048,0.0
getitem_120,2582,-1,4686,4686,2048,0.0,0.0,0.0,2048,0.0
getitem_121,2583,-1,4686,4686,0,0.0,0.0,0.0,0,0.0
relu__27,2585,2609,4681,4685,25690112,0.444785856772215,0.0,0.007918559860438108,25690112,inf
convolution_30,2586,2588,4677,4677,6422528,0.45133737663924756,0.0,0.0008202240020036697,6422528,inf
getitem_123,2590,-1,4677,4677,512,0.0,0.0,0.0,512,0.0
getitem_124,2591,-1,4677,4677,512,0.0,0.0,0.0,512,0.0
getitem_125,2592,-1,4677,4677,0,0.0,0.0,0.0,0,0.0
relu__28,2593,2594,4673,4676,6422528,0.4481271366495645,0.0,0.001146879967302084,6422528,inf
convolution_31,2594,2596,4669,4669,6422528,0.44744515265710716,0.0,0.0013230079710483552,6422528,inf
getitem_127,2598,-1,4669,4669,512,0.0,0.0,0.0,512,0.0
getitem_128,2599,-1,4669,4669,512,0.0,0.0,0.0,512,0.0
getitem_129,2600,-1,4669,4669,0,0.0,0.0,0.0,0,0.0
relu__29,2601,2602,4665,4668,6422528,0.4453050566781319,0.0,0.0009102719873189927,6422528,inf
convolution_32,2602,2604,4661,4661,25690112,0.44204972874559545,0.0,0.0023920319601893423,25690112,inf
getitem_131,2606,-1,4661,4661,2048,0.0,0.0,0.0,2048,0.0
getitem_132,2607,-1,4661,4661,2048,0.0,0.0,0.0,2048,0.0
getitem_133,2608,-1,4661,4661,0,0.0,0.0,0.0,0,0.0
relu__30,2610,2634,4656,4660,25690112,0.42723347278311913,0.0,0.007269375961273909,25690112,inf
convolution_33,2611,2613,4652,4652,6422528,0.43333856076002214,0.0,0.0006676480025053025,6422528,inf
getitem_135,2615,-1,4652,4652,512,0.0,0.0,0.0,512,0.0
getitem_136,2616,-1,4652,4652,512,0.0,0.0,0.0,512,0.0
getitem_137,2617,-1,4652,4652,0,0.0,0.0,0.0,0,0.0
relu__31,2618,2619,4648,4651,6422528,0.43015084879845467,0.0,0.0010977279879152775,6422528,inf
convolution_34,2619,2621,4644,4644,6422528,0.429547712791712,0.0,0.0012113919891417026,6422528,inf
getitem_139,2623,-1,4644,4644,512,0.0,0.0,0.0,512,0.0
getitem_140,2624,-1,4644,4644,512,0.0,0.0,0.0,512,0.0
getitem_141,2625,-1,4644,4644,0,0.0,0.0,0.0,0,0.0
relu__32,2626,2627,4640,4643,6422528,0.42778131281212073,0.0,0.0006512639857828617,6422528,inf
convolution_35,2627,2629,4636,4636,25690112,0.4244666247963914,0.0,0.0022630400136113165,25690112,inf
getitem_143,2631,-1,4636,4636,2048,0.0,0.0,0.0,2048,0.0
getitem_144,2632,-1,4636,4636,2048,0.0,0.0,0.0,2048,0.0
getitem_145,2633,-1,4636,4636,0,0.0,0.0,0.0,0,0.0
relu__33,2635,2659,4608,4635,25690112,0.3997367367912089,0.0,0.007511327927932144,25690112,inf
convolution_36,2636,2638,4627,4627,12845056,0.41435350473597704,0.0,0.0011633600257337094,12845056,inf
getitem_147,2640,-1,4627,4627,1024,0.0,0.0,0.0,1024,0.0
getitem_148,2641,-1,4627,4627,1024,0.0,0.0,0.0,1024,0.0
getitem_149,2642,-1,4627,4627,0,0.0,0.0,0.0,0,0.0
relu__34,2643,2644,4623,4626,12845056,0.4105011527501051,0.0,0.0016302080005407334,12845056,inf
convolution_37,2644,2646,4619,4619,3211264,0.4099296327531343,0.0,0.001709184005856514,3211264,inf
getitem_151,2648,-1,4619,4619,1024,0.0,0.0,0.0,1024,0.0
getitem_152,2649,-1,4619,4619,1024,0.0,0.0,0.0,1024,0.0
getitem_153,2650,-1,4619,4619,0,0.0,0.0,0.0,0,0.0
relu__35,2651,2652,4615,4618,3211264,0.4083086407836532,0.0,0.000656383976340294,3211264,inf
convolution_38,2652,2654,4611,4611,12845056,0.4067603527884935,0.0,0.000961535967886448,12845056,inf
getitem_155,2656,-1,4611,4611,4096,0.0,0.0,0.0,4096,0.0
getitem_156,2657,-1,4611,4611,4096,0.0,0.0,0.0,4096,0.0
getitem_157,2658,-1,4611,4611,0,0.0,0.0,0.0,0,0.0
convolution_39,2659,2661,4604,4604,12845056,0.39842499282397376,0.0,0.003515391930937767,12845056,inf
getitem_159,2663,-1,4604,4604,4096,0.0,0.0,0.0,4096,0.0
getitem_160,2664,-1,4604,4604,4096,0.0,0.0,0.0,4096,0.0
getitem_161,2665,-1,4604,4604,0,0.0,0.0,0.0,0,0.0
relu__36,2667,2691,4599,4603,12845056,0.39159913680888747,0.0,0.00390950396284461,12845056,inf
convolution_40,2668,2670,4595,4595,3211264,0.39438742475025396,0.0,0.0007813120186328888,3211264,inf
getitem_163,2672,-1,4595,4595,1024,0.0,0.0,0.0,1024,0.0
getitem_164,2673,-1,4595,4595,1024,0.0,0.0,0.0,1024,0.0
getitem_165,2674,-1,4595,4595,0,0.0,0.0,0.0,0,0.0
relu__37,2675,2676,4591,4594,3211264,0.39136969676055056,0.0,0.001202175959944725,3211264,inf
convolution_41,2676,2678,4587,4587,3211264,0.3908413127604876,0.0,0.0013393919616937638,3211264,inf
getitem_167,2680,-1,4587,4587,1024,0.0,0.0,0.0,1024,0.0
getitem_168,2681,-1,4587,4587,1024,0.0,0.0,0.0,1024,0.0
getitem_169,2682,-1,4587,4587,0,0.0,0.0,0.0,0,0.0
relu__38,2683,2684,4583,4586,3211264,0.38926336074434265,0.0,0.0006471679881215096,3211264,inf
convolution_42,2684,2686,4579,4579,12845056,0.38810524874180596,0.0,0.0009010879844427108,12845056,inf
getitem_171,2688,-1,4579,4579,4096,0.0,0.0,0.0,4096,0.0
getitem_172,2689,-1,4579,4579,4096,0.0,0.0,0.0,4096,0.0
getitem_173,2690,-1,4579,4579,0,0.0,0.0,0.0,0,0.0
relu__39,2692,2716,4574,4578,12845056,0.38146249669604043,0.0,0.003847231999039651,12845056,inf
convolution_43,2693,2695,4570,4570,3211264,0.38419254471547937,0.0,0.0007526399791240693,3211264,inf
getitem_175,2697,-1,4570,4570,1024,0.0,0.0,0.0,1024,0.0
getitem_176,2698,-1,4570,4570,1024,0.0,0.0,0.0,1024,0.0
getitem_177,2699,-1,4570,4570,0,0.0,0.0,0.0,0,0.0
relu__40,2700,2701,4566,4569,3211264,0.3810754887331281,0.0,0.0012574719861149788,3211264,inf
convolution_44,2701,2703,4562,4562,3211264,0.380452896723524,0.0,0.0013711359947919846,3211264,inf
getitem_179,2705,-1,4562,4562,1024,0.0,0.0,0.0,1024,0.0
getitem_180,2706,-1,4562,4562,1024,0.0,0.0,0.0,1024,0.0
getitem_181,2707,-1,4562,4562,0,0.0,0.0,0.0,0,0.0
relu__41,2708,2709,4558,4561,3211264,0.3787878726962957,0.0,0.0006307840272784232,3211264,inf
convolution_45,2709,2711,4554,4554,12845056,0.37757744067348575,0.0,0.0008479360342025756,12845056,inf
getitem_183,2713,-1,4554,4554,4096,0.0,0.0,0.0,4096,0.0
getitem_184,2714,-1,4554,4554,4096,0.0,0.0,0.0,4096,0.0
getitem_185,2715,-1,4554,4554,0,0.0,0.0,0.0,0,0.0
relu__42,2717,2741,4549,4553,12845056,0.3711354567259553,0.0,0.003969023944810033,12845056,inf
convolution_46,2718,2720,4545,4545,3211264,0.37403235266543955,0.0,0.0007782400026917457,3211264,inf
getitem_187,2722,-1,4545,4545,1024,0.0,0.0,0.0,1024,0.0
getitem_188,2723,-1,4545,4545,1024,0.0,0.0,0.0,1024,0.0
getitem_189,2724,-1,4545,4545,0,0.0,0.0,0.0,0,0.0
relu__43,2725,2726,4541,4544,3211264,0.3710904006976637,0.0,0.0011991039514541626,3211264,inf
convolution_47,2726,2728,4537,4537,3211264,0.3705835206899794,0.0,0.0013250559493899346,3211264,inf
getitem_191,2730,-1,4537,4537,1024,0.0,0.0,0.0,1024,0.0
getitem_192,2731,-1,4537,4537,1024,0.0,0.0,0.0,1024,0.0
getitem_193,2732,-1,4537,4537,0,0.0,0.0,0.0,0,0.0
relu__44,2733,2734,4533,4536,3211264,0.3687290567066522,0.0,0.0009359360039234161,3211264,inf
convolution_48,2734,2736,4529,4529,12845056,0.3675965127069505,0.0,0.0011366400048136711,12845056,inf
getitem_195,2738,-1,4529,4529,4096,0.0,0.0,0.0,4096,0.0
getitem_196,2739,-1,4529,4529,4096,0.0,0.0,0.0,4096,0.0
getitem_197,2740,-1,4529,4529,0,0.0,0.0,0.0,0,0.0
relu__45,2742,2766,4524,4528,12845056,0.3610674887187781,0.0,0.004034560054540633,12845056,inf
convolution_49,2743,2745,4520,4520,3211264,0.36383331276103886,0.0,0.0008529920130968093,3211264,inf
getitem_199,2747,-1,4520,4520,1024,0.0,0.0,0.0,1024,0.0
getitem_200,2748,-1,4520,4520,1024,0.0,0.0,0.0,1024,0.0
getitem_201,2749,-1,4520,4520,0,0.0,0.0,0.0,0,0.0
relu__46,2750,2751,4516,4519,3211264,0.36066710474342134,0.0,0.0012595200166106222,3211264,inf
convolution_50,2751,2753,4512,4512,3211264,0.3600107207372787,0.0,0.0014325760155916212,3211264,inf
getitem_203,2755,-1,4512,4512,1024,0.0,0.0,0.0,1024,0.0
getitem_204,2756,-1,4512,4512,1024,0.0,0.0,0.0,1024,0.0
getitem_205,2757,-1,4512,4512,0,0.0,0.0,0.0,0,0.0
relu__47,2758,2759,4508,4511,3211264,0.35834569673426475,0.0,0.0005908480212092399,3211264,inf
convolution_51,2759,2761,4504,4504,12845056,0.3571476167682561,0.0,0.000773120015859604,12845056,inf
getitem_207,2763,-1,4504,4504,4096,0.0,0.0,0.0,4096,0.0
getitem_208,2764,-1,4504,4504,4096,0.0,0.0,0.0,4096,0.0
getitem_209,2765,-1,4504,4504,0,0.0,0.0,0.0,0,0.0
relu__48,2767,2791,4499,4503,12845056,0.35140192072279774,0.0,0.003275808030739427,12845056,inf
convolution_52,2768,2770,4495,4495,3211264,0.35359129675850304,0.0,0.0007229119911789894,3211264,inf
getitem_211,2772,-1,4495,4495,1024,0.0,0.0,0.0,1024,0.0
getitem_212,2773,-1,4495,4495,1024,0.0,0.0,0.0,1024,0.0
getitem_213,2774,-1,4495,4495,0,0.0,0.0,0.0,0,0.0
relu__49,2775,2776,4491,4494,3211264,0.35057139268145004,0.0,0.0011868160553276537,3211264,inf
convolution_53,2776,2778,4487,4487,3211264,0.34993344067782206,0.0,0.001288192056119442,3211264,inf
getitem_215,2780,-1,4487,4487,1024,0.0,0.0,0.0,1024,0.0
getitem_216,2781,-1,4487,4487,1024,0.0,0.0,0.0,1024,0.0
getitem_217,2782,-1,4487,4487,0,0.0,0.0,0.0,0,0.0
relu__50,2783,2784,4483,4486,3211264,0.3484108166918163,0.0,0.0006030719876289367,3211264,inf
convolution_54,2784,2786,4479,4479,12845056,0.3472567686587576,0.0,0.0007894399911165238,12845056,inf
getitem_219,2788,-1,4479,4479,4096,0.0,0.0,0.0,4096,0.0
getitem_220,2789,-1,4479,4479,4096,0.0,0.0,0.0,4096,0.0
getitem_221,2790,-1,4479,4479,0,0.0,0.0,0.0,0,0.0
relu__51,2792,2816,4474,4478,12845056,0.3414896006248894,0.0,0.003221503982320428,12845056,inf
convolution_55,2793,2795,4470,4470,3211264,0.34365116862393946,0.0,0.0006912959888577461,3211264,inf
getitem_223,2797,-1,4470,4470,1024,0.0,0.0,0.0,1024,0.0
getitem_224,2798,-1,4470,4470,1024,0.0,0.0,0.0,1024,0.0
getitem_225,2799,-1,4470,4470,0,0.0,0.0,0.0,0,0.0
relu__52,2800,2801,4466,4469,3211264,0.3406907846480611,0.0,0.0011929600052535535,3211264,inf
convolution_56,2801,2803,4462,4462,3211264,0.3401368006393316,0.0,0.001298432007431984,3211264,inf
getitem_227,2805,-1,4462,4462,1024,0.0,0.0,0.0,1024,0.0
getitem_228,2806,-1,4462,4462,1024,0.0,0.0,0.0,1024,0.0
getitem_229,2807,-1,4462,4462,0,0.0,0.0,0.0,0,0.0
relu__53,2808,2809,4458,4461,3211264,0.33856700863316685,0.0,0.0005990079939365387,3211264,inf
convolution_57,2809,2811,4454,4454,12845056,0.3373607366308573,0.0,0.0007731199860572815,12845056,inf
getitem_231,2813,-1,4454,4454,4096,0.0,0.0,0.0,4096,0.0
getitem_232,2814,-1,4454,4454,4096,0.0,0.0,0.0,4096,0.0
getitem_233,2815,-1,4454,4454,0,0.0,0.0,0.0,0,0.0
relu__54,2817,2841,4449,4453,12845056,0.33156908849440536,0.0,0.003339264081791043,12845056,inf
convolution_58,2818,2820,4445,4445,3211264,0.3338352005518976,0.0,0.00069427203014493,3211264,inf
getitem_235,2822,-1,4445,4445,1024,0.0,0.0,0.0,1024,0.0
getitem_236,2823,-1,4445,4445,1024,0.0,0.0,0.0,1024,0.0
getitem_237,2824,-1,4445,4445,0,0.0,0.0,0.0,0,0.0
relu__55,2825,2826,4441,4444,3211264,0.33077446450665615,0.0,0.0011919360533356666,3211264,inf
convolution_59,2826,2828,4437,4437,3211264,0.3302153604961934,0.0,0.0012820480540394782,3211264,inf
getitem_239,2830,-1,4437,4437,1024,0.0,0.0,0.0,1024,0.0
getitem_240,2831,-1,4437,4437,1024,0.0,0.0,0.0,1024,0.0
getitem_241,2832,-1,4437,4437,0,0.0,0.0,0.0,0,0.0
relu__56,2833,2834,4433,4436,3211264,0.328420288499445,0.0,0.0005775360129773617,3211264,inf
convolution_60,2834,2836,4429,4429,12845056,0.32720480051264195,0.0,0.0008325120061635971,12845056,inf
getitem_243,2838,-1,4429,4429,4096,0.0,0.0,0.0,4096,0.0
getitem_244,2839,-1,4429,4429,4096,0.0,0.0,0.0,4096,0.0
getitem_245,2840,-1,4429,4429,0,0.0,0.0,0.0,0,0.0
relu__57,2842,2866,4424,4428,12845056,0.32113452862016884,0.0,0.003433471962809563,12845056,inf
convolution_61,2843,2845,4420,4420,3211264,0.32353580862097475,0.0,0.0007464959695935248,3211264,inf
getitem_247,2847,-1,4420,4420,1024,0.0,0.0,0.0,1024,0.0
getitem_248,2848,-1,4420,4420,1024,0.0,0.0,0.0,1024,0.0
getitem_249,2849,-1,4420,4420,0,0.0,0.0,0.0,0,0.0
relu__58,2850,2851,4416,4419,3211264,0.3205764486249539,0.0,0.001162240020930767,3211264,inf
convolution_62,2851,2853,4412,4412,3211264,0.3200685446113351,0.0,0.0012922880202531815,3211264,inf
getitem_251,2855,-1,4412,4412,1024,0.0,0.0,0.0,1024,0.0
getitem_252,2856,-1,4412,4412,1024,0.0,0.0,0.0,1024,0.0
getitem_253,2857,-1,4412,4412,0,0.0,0.0,0.0,0,0.0
relu__59,2858,2859,4408,4411,3211264,0.3185161606390032,0.0,0.0006584319770336152,3211264,inf
convolution_63,2859,2861,4404,4404,12845056,0.3171327366307381,0.0,0.0008417279720306397,12845056,inf
getitem_255,2863,-1,4404,4404,4096,0.0,0.0,0.0,4096,0.0
getitem_256,2864,-1,4404,4404,4096,0.0,0.0,0.0,4096,0.0
getitem_257,2865,-1,4404,4404,0,0.0,0.0,0.0,0,0.0
relu__60,2867,2891,4399,4403,12845056,0.3109016967434438,0.0,0.0038420479521155356,12845056,inf
convolution_64,2868,2870,4395,4395,3211264,0.31352620869316183,0.0,0.0008826880007982254,3211264,inf
getitem_259,2872,-1,4395,4395,1024,0.0,0.0,0.0,1024,0.0
getitem_260,2873,-1,4395,4395,1024,0.0,0.0,0.0,1024,0.0
getitem_261,2874,-1,4395,4395,0,0.0,0.0,0.0,0,0.0
relu__61,2875,2876,4391,4394,3211264,0.3104204166680577,0.0,0.0012195839732885361,3211264,inf
convolution_65,2876,2878,4387,4387,3211264,0.30993094467744253,0.0,0.0013076479770243168,3211264,inf
getitem_263,2880,-1,4387,4387,1024,0.0,0.0,0.0,1024,0.0
getitem_264,2881,-1,4387,4387,1024,0.0,0.0,0.0,1024,0.0
getitem_265,2882,-1,4387,4387,0,0.0,0.0,0.0,0,0.0
relu__62,2883,2884,4383,4386,3211264,0.308424640716985,0.0,0.0006062079817056655,3211264,inf
convolution_66,2884,2886,4379,4379,12845056,0.3072091527227314,0.0,0.0008959999755024909,12845056,inf
getitem_267,2888,-1,4379,4379,4096,0.0,0.0,0.0,4096,0.0
getitem_268,2889,-1,4379,4379,4096,0.0,0.0,0.0,4096,0.0
getitem_269,2890,-1,4379,4379,0,0.0,0.0,0.0,0,0.0
relu__63,2892,2916,4374,4378,12845056,0.30061977674067025,0.0,0.003996607987210155,12845056,inf
convolution_67,2893,2895,4370,4370,3211264,0.3034869127552957,0.0,0.0008243199735879897,3211264,inf
getitem_271,2897,-1,4370,4370,1024,0.0,0.0,0.0,1024,0.0
getitem_272,2898,-1,4370,4370,1024,0.0,0.0,0.0,1024,0.0
getitem_273,2899,-1,4370,4370,0,0.0,0.0,0.0,0,0.0
relu__64,2900,2901,4366,4369,3211264,0.30026745673827826,0.0,0.0013230080157518387,3211264,inf
convolution_68,2901,2903,4362,4362,3211264,0.2996469127368182,0.0,0.001451008014380932,3211264,inf
getitem_275,2905,-1,4362,4362,1024,0.0,0.0,0.0,1024,0.0
getitem_276,2906,-1,4362,4362,1024,0.0,0.0,0.0,1024,0.0
getitem_277,2907,-1,4362,4362,0,0.0,0.0,0.0,0,0.0
relu__65,2908,2909,4358,4361,3211264,0.2979061127211898,0.0,0.0007710720002651215,3211264,inf
convolution_69,2909,2911,4354,4354,12845056,0.2966158727165311,0.0,0.0008990720063447952,12845056,inf
getitem_279,2913,-1,4354,4354,4096,0.0,0.0,0.0,4096,0.0
getitem_280,2914,-1,4354,4354,4096,0.0,0.0,0.0,4096,0.0
getitem_281,2915,-1,4354,4354,0,0.0,0.0,0.0,0,0.0
relu__66,2917,2941,4349,4353,12845056,0.29079552064649755,0.0,0.003309568015858531,12845056,inf
convolution_70,2918,2920,4345,4345,3211264,0.29309542463719845,0.0,0.000726016018539667,3211264,inf
getitem_283,2922,-1,4345,4345,1024,0.0,0.0,0.0,1024,0.0
getitem_284,2923,-1,4345,4345,1024,0.0,0.0,0.0,1024,0.0
getitem_285,2924,-1,4345,4345,0,0.0,0.0,0.0,0,0.0
relu__67,2925,2926,4341,4344,3211264,0.2901176326852292,0.0,0.0011704320088028908,3211264,inf
convolution_71,2926,2928,4337,4337,3211264,0.2896199686843902,0.0,0.0012687360122799873,3211264,inf
getitem_287,2930,-1,4337,4337,1024,0.0,0.0,0.0,1024,0.0
getitem_288,2931,-1,4337,4337,1024,0.0,0.0,0.0,1024,0.0
getitem_289,2932,-1,4337,4337,0,0.0,0.0,0.0,0,0.0
relu__68,2933,2934,4333,4336,3211264,0.2879805446695537,0.0,0.0006010879948735237,3211264,inf
convolution_72,2934,2936,4329,4329,12845056,0.2868633606713265,0.0,0.0008181759938597679,12845056,inf
getitem_291,2938,-1,4329,4329,4096,0.0,0.0,0.0,4096,0.0
getitem_292,2939,-1,4329,4329,4096,0.0,0.0,0.0,4096,0.0
getitem_293,2940,-1,4329,4329,0,0.0,0.0,0.0,0,0.0
relu__69,2942,2966,4324,4328,12845056,0.28095091273449363,0.0,0.003282815979793669,12845056,inf
convolution_73,2943,2945,4320,4320,3211264,0.2831400647088886,0.0,0.0006830400004982948,3211264,inf
getitem_295,2947,-1,4320,4320,1024,0.0,0.0,0.0,1024,0.0
getitem_296,2948,-1,4320,4320,1024,0.0,0.0,0.0,1024,0.0
getitem_297,2949,-1,4320,4320,0,0.0,0.0,0.0,0,0.0
relu__70,2950,2951,4316,4319,3211264,0.279741440711543,0.0,0.001153024010360241,3211264,inf
convolution_74,2951,2953,4312,4312,3211264,0.279168000722304,0.0,0.0012523520141839981,3211264,inf
getitem_299,2955,-1,4312,4312,1024,0.0,0.0,0.0,1024,0.0
getitem_300,2956,-1,4312,4312,1024,0.0,0.0,0.0,1024,0.0
getitem_301,2957,-1,4312,4312,0,0.0,0.0,0.0,0,0.0
relu__71,2958,2959,4308,4311,3211264,0.27746211273036897,0.0,0.0005938239693641662,3211264,inf
convolution_75,2959,2961,4304,4304,12845056,0.2763244487084448,0.0,0.0008837119787931443,12845056,inf
getitem_303,2963,-1,4304,4304,4096,0.0,0.0,0.0,4096,0.0
getitem_304,2964,-1,4304,4304,4096,0.0,0.0,0.0,4096,0.0
getitem_305,2965,-1,4304,4304,0,0.0,0.0,0.0,0,0.0
relu__72,2967,2991,4299,4303,12845056,0.269552768729627,0.0,0.004221951946616173,12845056,inf
convolution_76,2968,2970,4295,4295,3211264,0.27257561671361324,0.0,0.000835583969950676,3211264,inf
getitem_307,2972,-1,4295,4295,1024,0.0,0.0,0.0,1024,0.0
getitem_308,2973,-1,4295,4295,1024,0.0,0.0,0.0,1024,0.0
getitem_309,2974,-1,4295,4295,0,0.0,0.0,0.0,0,0.0
relu__73,2975,2976,4291,4294,3211264,0.2692117767650633,0.0,0.0011591679975390433,3211264,inf
convolution_77,2976,2978,4287,4287,3211264,0.2686567687541246,0.0,0.0013086720034480093,3211264,inf
getitem_311,2980,-1,4287,4287,1024,0.0,0.0,0.0,1024,0.0
getitem_312,2981,-1,4287,4287,1024,0.0,0.0,0.0,1024,0.0
getitem_313,2982,-1,4287,4287,0,0.0,0.0,0.0,0,0.0
relu__74,2983,2984,4283,4286,3211264,0.2669333768039941,0.0,0.0006318079754710198,3211264,inf
convolution_78,2984,2986,4279,4279,12845056,0.2656574727818369,0.0,0.000995327986776829,12845056,inf
getitem_315,2988,-1,4279,4279,4096,0.0,0.0,0.0,4096,0.0
getitem_316,2989,-1,4279,4279,4096,0.0,0.0,0.0,4096,0.0
getitem_317,2990,-1,4279,4279,0,0.0,0.0,0.0,0,0.0
relu__75,2992,3016,4274,4278,12845056,0.258376832798123,0.0,0.0045424640104174616,12845056,inf
convolution_79,2993,2995,4270,4270,3211264,0.26179904078692173,0.0,0.0008202240243554115,3211264,inf
getitem_319,2997,-1,4270,4270,1024,0.0,0.0,0.0,1024,0.0
getitem_320,2998,-1,4270,4270,1024,0.0,0.0,0.0,1024,0.0
getitem_321,2999,-1,4270,4270,0,0.0,0.0,0.0,0,0.0
relu__76,3000,3001,4266,4269,3211264,0.25840755284018785,0.0,0.0012431359812617303,3211264,inf
convolution_80,3001,3003,4262,4262,3211264,0.2578504968397316,0.0,0.0013783039823174479,3211264,inf
getitem_323,3005,-1,4262,4262,1024,0.0,0.0,0.0,1024,0.0
getitem_324,3006,-1,4262,4262,1024,0.0,0.0,0.0,1024,0.0
getitem_325,3007,-1,4262,4262,0,0.0,0.0,0.0,0,0.0
relu__77,3008,3009,4258,4261,3211264,0.25609024083800574,0.0,0.0006174720227718354,3211264,inf
convolution_81,3009,3011,4254,4254,12845056,0.25481024082191245,0.0,0.0010086400285363197,12845056,inf
getitem_327,3013,-1,4254,4254,4096,0.0,0.0,0.0,4096,0.0
getitem_328,3014,-1,4254,4254,4096,0.0,0.0,0.0,4096,0.0
getitem_329,3015,-1,4254,4254,0,0.0,0.0,0.0,0,0.0
relu__78,3017,3041,4249,4253,12845056,0.24745996878109836,0.0,0.0041983999833464635,12845056,inf
convolution_82,3018,3020,4245,4245,3211264,0.2503435527514662,0.0,0.0009123840108513832,3211264,inf
getitem_331,3022,-1,4245,4245,1024,0.0,0.0,0.0,1024,0.0
getitem_332,3023,-1,4245,4245,1024,0.0,0.0,0.0,1024,0.0
getitem_333,3024,-1,4245,4245,0,0.0,0.0,0.0,0,0.0
relu__79,3025,3026,4241,4244,3211264,0.24684966469742317,0.0,0.0012083199992775917,3211264,inf
convolution_83,3026,3028,4237,4237,3211264,0.24604582470469136,0.0,0.001332224003970623,3211264,inf
getitem_335,3030,-1,4237,4237,1024,0.0,0.0,0.0,1024,0.0
getitem_336,3031,-1,4237,4237,1024,0.0,0.0,0.0,1024,0.0
getitem_337,3032,-1,4237,4237,0,0.0,0.0,0.0,0,0.0
relu__80,3033,3034,4233,4236,3211264,0.24434188876487276,0.0,0.0006133759692311287,3211264,inf
convolution_84,3034,3036,4229,4229,12845056,0.24310284879244828,0.0,0.0009902079701423646,12845056,inf
getitem_339,3038,-1,4229,4229,4096,0.0,0.0,0.0,4096,0.0
getitem_340,3039,-1,4229,4229,4096,0.0,0.0,0.0,4096,0.0
getitem_341,3040,-1,4229,4229,0,0.0,0.0,0.0,0,0.0
relu__81,3042,3066,4224,4228,12845056,0.23624000073038018,0.0,0.004146176010370255,12845056,inf
convolution_85,3043,3045,4220,4220,3211264,0.23929152072779802,0.0,0.0007751680165529252,3211264,inf
getitem_343,3047,-1,4220,4220,1024,0.0,0.0,0.0,1024,0.0
getitem_344,3048,-1,4220,4220,1024,0.0,0.0,0.0,1024,0.0
getitem_345,3049,-1,4220,4220,0,0.0,0.0,0.0,0,0.0
relu__82,3050,3051,4216,4219,3211264,0.23587545672059032,0.0,0.0012390399649739264,3211264,inf
convolution_86,3051,3053,4212,4212,3211264,0.23521395272389028,0.0,0.001374207966029644,3211264,inf
getitem_347,3055,-1,4212,4212,1024,0.0,0.0,0.0,1024,0.0
getitem_348,3056,-1,4212,4212,1024,0.0,0.0,0.0,1024,0.0
getitem_349,3057,-1,4212,4212,0,0.0,0.0,0.0,0,0.0
relu__83,3058,3059,4208,4211,3211264,0.23352230470627522,0.0,0.0006103040166199207,3211264,inf
convolution_87,3059,3061,4204,4204,12845056,0.23212864069640615,0.0,0.0010096640214323997,12845056,inf
getitem_351,3063,-1,4204,4204,4096,0.0,0.0,0.0,4096,0.0
getitem_352,3064,-1,4204,4204,4096,0.0,0.0,0.0,4096,0.0
getitem_353,3065,-1,4204,4204,0,0.0,0.0,0.0,0,0.0
relu__84,3067,3091,4199,4203,12845056,0.2253088006004689,0.0,0.004521984077990055,12845056,inf
convolution_88,3068,3070,4195,4195,3211264,0.22871360065042956,0.0,0.0008171520307660103,3211264,inf
getitem_355,3072,-1,4195,4195,1024,0.0,0.0,0.0,1024,0.0
getitem_356,3073,-1,4195,4195,1024,0.0,0.0,0.0,1024,0.0
getitem_357,3074,-1,4195,4195,0,0.0,0.0,0.0,0,0.0
relu__85,3075,3076,4191,4194,3211264,0.22539481658302235,0.0,0.001197056032717228,3211264,inf
convolution_89,3076,3078,4187,4187,3211264,0.22486131256632497,0.0,0.0013455360382795334,3211264,inf
getitem_359,3080,-1,4187,4187,1024,0.0,0.0,0.0,1024,0.0
getitem_360,3081,-1,4187,4187,1024,0.0,0.0,0.0,1024,0.0
getitem_361,3082,-1,4187,4187,0,0.0,0.0,0.0,0,0.0
relu__86,3083,3084,4183,4186,3211264,0.22314816054888054,0.0,0.0006010880134999752,3211264,inf
convolution_90,3084,3086,4179,4179,12845056,0.22177190457098173,0.0,0.0011233280077576637,12845056,inf
getitem_363,3088,-1,4179,4179,4096,0.0,0.0,0.0,4096,0.0
getitem_364,3089,-1,4179,4179,4096,0.0,0.0,0.0,4096,0.0
getitem_365,3090,-1,4179,4179,0,0.0,0.0,0.0,0,0.0
relu__87,3092,3116,4174,4178,12845056,0.21509644865617147,0.0,0.0041471999697387215,12845056,inf
convolution_91,3093,3095,4170,4170,3211264,0.21810905665531738,0.0,0.0007321599721908569,3211264,inf
getitem_367,3097,-1,4170,4170,1024,0.0,0.0,0.0,1024,0.0
getitem_368,3098,-1,4170,4170,1024,0.0,0.0,0.0,1024,0.0
getitem_369,3099,-1,4170,4170,0,0.0,0.0,0.0,0,0.0
relu__88,3100,3101,4166,4169,3211264,0.21470630462467652,0.0,0.001187840010970831,3211264,inf
convolution_92,3101,3103,4162,4162,3211264,0.21408064062148316,0.0,0.0013557760044932365,3211264,inf
getitem_371,3105,-1,4162,4162,1024,0.0,0.0,0.0,1024,0.0
getitem_372,3106,-1,4162,4162,1024,0.0,0.0,0.0,1024,0.0
getitem_373,3107,-1,4162,4162,0,0.0,0.0,0.0,0,0.0
relu__89,3108,3109,4158,4161,3211264,0.2123080965951084,0.0,0.0006062080115079879,3211264,inf
convolution_93,3109,3111,4154,4154,12845056,0.2110721285790204,0.0,0.0009707520008087158,12845056,inf
getitem_375,3113,-1,4154,4154,4096,0.0,0.0,0.0,4096,0.0
getitem_376,3114,-1,4154,4154,4096,0.0,0.0,0.0,4096,0.0
getitem_377,3115,-1,4154,4154,0,0.0,0.0,0.0,0,0.0
relu__90,3117,3141,4149,4153,12845056,0.20469772860035299,0.0,0.0038983680270612245,12845056,inf
convolution_94,3118,3120,4145,4145,3211264,0.20738060863316055,0.0,0.0007997440025210381,3211264,inf
getitem_379,3122,-1,4145,4145,1024,0.0,0.0,0.0,1024,0.0
getitem_380,3123,-1,4145,4145,1024,0.0,0.0,0.0,1024,0.0
getitem_381,3124,-1,4145,4145,0,0.0,0.0,0.0,0,0.0
relu__91,3125,3126,4141,4144,3211264,0.2039235846623778,0.0,0.0012113920226693154,3211264,inf
convolution_95,3126,3128,4137,4137,3211264,0.20328051264956593,0.0,0.0013639680296182633,3211264,inf
getitem_383,3130,-1,4137,4137,1024,0.0,0.0,0.0,1024,0.0
getitem_384,3131,-1,4137,4137,1024,0.0,0.0,0.0,1024,0.0
getitem_385,3132,-1,4137,4137,0,0.0,0.0,0.0,0,0.0
relu__92,3133,3134,4133,4136,3211264,0.20148544062115256,0.0,0.0006215680018067359,3211264,inf
convolution_96,3134,3136,4129,4129,12845056,0.200107136650011,0.0,0.0009041920006275176,12845056,inf
getitem_387,3138,-1,4129,4129,4096,0.0,0.0,0.0,4096,0.0
getitem_388,3139,-1,4129,4129,4096,0.0,0.0,0.0,4096,0.0
getitem_389,3140,-1,4129,4129,0,0.0,0.0,0.0,0,0.0
relu__93,3142,3166,4124,4128,12845056,0.19487644865736364,0.0,0.0032072639912366875,12845056,inf
convolution_97,3143,3145,4120,4120,3211264,0.19705664065852765,0.0,0.000645119994878769,3211264,inf
getitem_391,3147,-1,4120,4120,1024,0.0,0.0,0.0,1024,0.0
getitem_392,3148,-1,4120,4120,1024,0.0,0.0,0.0,1024,0.0
getitem_393,3149,-1,4120,4120,0,0.0,0.0,0.0,0,0.0
relu__94,3150,3151,4116,4119,3211264,0.19377779270336035,0.0,0.001141759991645813,3211264,inf
convolution_98,3151,3153,4112,4112,3211264,0.19320323269814257,0.0,0.001223775990307331,3211264,inf
getitem_395,3155,-1,4112,4112,1024,0.0,0.0,0.0,1024,0.0
getitem_396,3156,-1,4112,4112,1024,0.0,0.0,0.0,1024,0.0
getitem_397,3157,-1,4112,4112,0,0.0,0.0,0.0,0,0.0
relu__95,3158,3159,4108,4111,3211264,0.19149212869629262,0.0,0.0005959680192172528,3211264,inf
convolution_99,3159,3161,4104,4104,12845056,0.19024796867743132,0.0,0.0007741440162062645,12845056,inf
getitem_399,3163,-1,4104,4104,4096,0.0,0.0,0.0,4096,0.0
getitem_400,3164,-1,4104,4104,4096,0.0,0.0,0.0,4096,0.0
getitem_401,3165,-1,4104,4104,0,0.0,0.0,0.0,0,0.0
relu__96,3167,3191,4099,4103,12845056,0.18503376069478691,0.0,0.003185663988813758,12845056,inf
convolution_100,3168,3170,4095,4095,3211264,0.18719440070167181,0.0,0.0006410239785909652,3211264,inf
getitem_403,3172,-1,4095,4095,1024,0.0,0.0,0.0,1024,0.0
getitem_404,3173,-1,4095,4095,1024,0.0,0.0,0.0,1024,0.0
getitem_405,3174,-1,4095,4095,0,0.0,0.0,0.0,0,0.0
relu__97,3175,3176,4091,4094,3211264,0.18393910473771394,0.0,0.0011059200093150139,3211264,inf
convolution_101,3176,3178,4087,4087,3211264,0.18333904073946175,0.0,0.0012062720134854315,3211264,inf
getitem_407,3180,-1,4087,4087,1024,0.0,0.0,0.0,1024,0.0
getitem_408,3181,-1,4087,4087,1024,0.0,0.0,0.0,1024,0.0
getitem_409,3182,-1,4087,4087,0,0.0,0.0,0.0,0,0.0
relu__98,3183,3184,4083,4086,3211264,0.1816136007402092,0.0,0.0005949440076947212,3211264,inf
convolution_102,3184,3186,4079,4079,12845056,0.18055273672379551,0.0,0.0007710720002651214,12845056,inf
getitem_411,3188,-1,4079,4079,4096,0.0,0.0,0.0,4096,0.0
getitem_412,3189,-1,4079,4079,4096,0.0,0.0,0.0,4096,0.0
getitem_413,3190,-1,4079,4079,0,0.0,0.0,0.0,0,0.0
relu__99,3192,3216,4074,4078,12845056,0.17469340872764583,0.0,0.003691519962623715,12845056,inf
convolution_103,3193,3195,4070,4070,3211264,0.17718582470528774,0.0,0.0008120319843292237,3211264,inf
getitem_415,3197,-1,4070,4070,1024,0.0,0.0,0.0,1024,0.0
getitem_416,3198,-1,4070,4070,1024,0.0,0.0,0.0,1024,0.0
getitem_417,3199,-1,4070,4070,0,0.0,0.0,0.0,0,0.0
relu__100,3200,3201,4066,4069,3211264,0.1736601926777511,0.0,0.0013905919790267944,3211264,inf
convolution_104,3201,3203,4062,4062,3211264,0.17316662468947464,0.0,0.0013137919828295707,3211264,inf
getitem_419,3205,-1,4062,4062,1024,0.0,0.0,0.0,1024,0.0
getitem_420,3206,-1,4062,4062,1024,0.0,0.0,0.0,1024,0.0
getitem_421,3207,-1,4062,4062,0,0.0,0.0,0.0,0,0.0
relu__101,3208,3209,4058,4061,3211264,0.1715261766649782,0.0,0.0006154240071773529,3211264,inf
convolution_105,3209,3211,4054,4054,12845056,0.1705062726810574,0.0,0.0008304640129208565,12845056,inf
getitem_423,3213,-1,4054,4054,4096,0.0,0.0,0.0,4096,0.0
getitem_424,3214,-1,4054,4054,4096,0.0,0.0,0.0,4096,0.0
getitem_425,3215,-1,4054,4054,0,0.0,0.0,0.0,0,0.0
relu__102,3217,3241,4049,4053,12845056,0.16520502468198522,0.0,0.003341312048956753,12845056,inf
convolution_106,3218,3220,4045,4045,3211264,0.16744246472977095,0.0,0.000706559993326664,3211264,inf
getitem_427,3222,-1,4045,4045,1024,0.0,0.0,0.0,1024,0.0
getitem_428,3223,-1,4045,4045,1024,0.0,0.0,0.0,1024,0.0
getitem_429,3224,-1,4045,4045,0,0.0,0.0,0.0,0,0.0
relu__103,3225,3226,4041,4044,3211264,0.16405302468687277,0.0,0.00118169604241848,3211264,inf
convolution_107,3226,3228,4037,4037,3211264,0.1634836806841193,0.0,0.001277952041476965,3211264,inf
getitem_431,3230,-1,4037,4037,1024,0.0,0.0,0.0,1024,0.0
getitem_432,3231,-1,4037,4037,1024,0.0,0.0,0.0,1024,0.0
getitem_433,3232,-1,4037,4037,0,0.0,0.0,0.0,0,0.0
relu__104,3233,3234,4033,4036,3211264,0.16177872067689886,0.0,0.0005642240159213543,3211264,inf
convolution_108,3234,3236,4029,4029,12845056,0.1608304647058247,0.0,0.0007434240132570267,12845056,inf
getitem_435,3238,-1,4029,4029,4096,0.0,0.0,0.0,4096,0.0
getitem_436,3239,-1,4029,4029,4096,0.0,0.0,0.0,4096,0.0
getitem_437,3240,-1,4029,4029,0,0.0,0.0,0.0,0,0.0
relu__105,3242,3266,4024,4028,12845056,0.1550868487060068,0.0,0.00387788799032569,12845056,inf
convolution_109,3243,3245,4020,4020,3211264,0.15777484870329483,0.0,0.0008273919969797134,3211264,inf
getitem_439,3247,-1,4020,4020,1024,0.0,0.0,0.0,1024,0.0
getitem_440,3248,-1,4020,4020,1024,0.0,0.0,0.0,1024,0.0
getitem_441,3249,-1,4020,4020,0,0.0,0.0,0.0,0,0.0
relu__106,3250,3251,4016,4019,3211264,0.15444070469588025,0.0,0.0012083199992775917,3211264,inf
convolution_110,3251,3253,4012,4012,3211264,0.15384883267804966,0.0,0.0013557760044932365,3211264,inf
getitem_443,3255,-1,4012,4012,1024,0.0,0.0,0.0,1024,0.0
getitem_444,3256,-1,4012,4012,1024,0.0,0.0,0.0,1024,0.0
getitem_445,3257,-1,4012,4012,0,0.0,0.0,0.0,0,0.0
relu__107,3258,3259,4008,4011,3211264,0.1521489927023648,0.0,0.0006195200011134147,3211264,inf
convolution_111,3259,3261,4004,4004,12845056,0.1511239687129854,0.0,0.0008488959968090058,12845056,inf
getitem_447,3263,-1,4004,4004,4096,0.0,0.0,0.0,4096,0.0
getitem_448,3264,-1,4004,4004,4096,0.0,0.0,0.0,4096,0.0
getitem_449,3265,-1,4004,4004,0,0.0,0.0,0.0,0,0.0
relu__108,3267,3291,3999,4003,12845056,0.145613824713975,0.0,0.003583999991416932,12845056,inf
convolution_112,3268,3270,3995,3995,3211264,0.14808780869469032,0.0,0.0006901760175824165,3211264,inf
getitem_451,3272,-1,3995,3995,1024,0.0,0.0,0.0,1024,0.0
getitem_452,3273,-1,3995,3995,1024,0.0,0.0,0.0,1024,0.0
getitem_453,3274,-1,3995,3995,0,0.0,0.0,0.0,0,0.0
relu__109,3275,3276,3991,3994,3211264,0.14484992073476297,0.0,0.0011878399923443794,3211264,inf
convolution_113,3276,3278,3987,3987,3211264,0.14437580872327072,0.0,0.0012912639901041985,3211264,inf
getitem_455,3280,-1,3987,3987,1024,0.0,0.0,0.0,1024,0.0
getitem_456,3281,-1,3987,3987,1024,0.0,0.0,0.0,1024,0.0
getitem_457,3282,-1,3987,3987,0,0.0,0.0,0.0,0,0.0
relu__110,3283,3284,3983,3986,3211264,0.14279782471805796,0.0,0.0005826559886336327,3211264,inf
convolution_114,3284,3286,3979,3979,12845056,0.14159872070513652,0.0,0.000895999986678362,12845056,inf
getitem_459,3288,-1,3979,3979,4096,0.0,0.0,0.0,4096,0.0
getitem_460,3289,-1,3979,3979,4096,0.0,0.0,0.0,4096,0.0
getitem_461,3290,-1,3979,3979,0,0.0,0.0,0.0,0,0.0
relu__111,3292,3316,3974,3978,12845056,0.13643468867614847,0.0,0.0031856640186160804,12845056,inf
convolution_115,3293,3295,3970,3970,3211264,0.13858816069923321,0.0,0.0006307840049266816,3211264,inf
getitem_463,3297,-1,3970,3970,1024,0.0,0.0,0.0,1024,0.0
getitem_464,3298,-1,3970,3970,1024,0.0,0.0,0.0,1024,0.0
getitem_465,3299,-1,3970,3970,0,0.0,0.0,0.0,0,0.0
relu__112,3300,3301,3966,3969,3211264,0.13541376072727127,0.0,0.0011489279866218566,3211264,inf
convolution_116,3301,3303,3962,3962,3211264,0.13490892872400564,0.0,0.0012707839906215667,3211264,inf
getitem_467,3305,-1,3962,3962,1024,0.0,0.0,0.0,1024,0.0
getitem_468,3306,-1,3962,3962,1024,0.0,0.0,0.0,1024,0.0
getitem_469,3307,-1,3962,3962,0,0.0,0.0,0.0,0,0.0
relu__113,3308,3309,3958,3961,3211264,0.13326643269509056,0.0,0.0005847040265798569,3211264,inf
convolution_117,3309,3311,3954,3954,12845056,0.13224345671571766,0.0,0.0007577600255608558,12845056,inf
getitem_471,3313,-1,3954,3954,4096,0.0,0.0,0.0,4096,0.0
getitem_472,3314,-1,3954,3954,4096,0.0,0.0,0.0,4096,0.0
getitem_473,3315,-1,3954,3954,0,0.0,0.0,0.0,0,0.0
relu__114,3317,3341,3949,3953,12845056,0.1271459846682844,0.0,0.003234816001728177,12845056,inf
convolution_118,3318,3320,3945,3945,3211264,0.12947251268289955,0.0,0.0006154239922761917,3211264,inf
getitem_475,3322,-1,3945,3945,1024,0.0,0.0,0.0,1024,0.0
getitem_476,3323,-1,3945,3945,1024,0.0,0.0,0.0,1024,0.0
getitem_477,3324,-1,3945,3945,0,0.0,0.0,0.0,0,0.0
relu__115,3325,3326,3941,3944,3211264,0.12615577664785063,0.0,0.0011806720495224,3211264,inf
convolution_119,3326,3328,3937,3937,3211264,0.12566323266550877,0.0,0.00128614404425025,3211264,inf
getitem_479,3330,-1,3937,3937,1024,0.0,0.0,0.0,1024,0.0
getitem_480,3331,-1,3937,3937,1024,0.0,0.0,0.0,1024,0.0
getitem_481,3332,-1,3937,3937,0,0.0,0.0,0.0,0,0.0
relu__116,3333,3334,3933,3936,3211264,0.12402995272167006,0.0,0.000566271971911192,3211264,inf
convolution_120,3334,3336,3929,3929,12845056,0.12296089671179632,0.0,0.0007464959695935248,12845056,inf
getitem_483,3338,-1,3929,3929,4096,0.0,0.0,0.0,4096,0.0
getitem_484,3339,-1,3929,3929,4096,0.0,0.0,0.0,4096,0.0
getitem_485,3340,-1,3929,3929,0,0.0,0.0,0.0,0,0.0
relu__117,3342,3366,3924,3928,12845056,0.11753779278881832,0.0,0.003459071958437563,12845056,inf
convolution_121,3343,3345,3920,3920,3211264,0.11989504074491543,0.0,0.0008335360065102578,3211264,inf
getitem_487,3347,-1,3920,3920,1024,0.0,0.0,0.0,1024,0.0
getitem_488,3348,-1,3920,3920,1024,0.0,0.0,0.0,1024,0.0
getitem_489,3349,-1,3920,3920,0,0.0,0.0,0.0,0,0.0
relu__118,3350,3351,3916,3919,3211264,0.11673702473938447,0.0,0.0011632639542222022,3211264,inf
convolution_122,3351,3353,3912,3912,3211264,0.11627417673170548,0.0,0.0012605439573526382,3211264,inf
getitem_491,3355,-1,3912,3912,1024,0.0,0.0,0.0,1024,0.0
getitem_492,3356,-1,3912,3912,1024,0.0,0.0,0.0,1024,0.0
getitem_493,3357,-1,3912,3912,0,0.0,0.0,0.0,0,0.0
relu__119,3358,3359,3908,3911,3211264,0.11470233670249566,0.0,0.000565248005092144,3211264,inf
convolution_123,3359,3361,3904,3904,12845056,0.11374694468639776,0.0,0.0007362560033798217,12845056,inf
getitem_495,3363,-1,3904,3904,4096,0.0,0.0,0.0,4096,0.0
getitem_496,3364,-1,3904,3904,4096,0.0,0.0,0.0,4096,0.0
getitem_497,3365,-1,3904,3904,0,0.0,0.0,0.0,0,0.0
relu__120,3367,3391,3899,3903,12845056,0.1080627206619828,0.0,0.0036823040451854465,12845056,inf
convolution_124,3368,3370,3895,3895,3211264,0.11083161671087134,0.0,0.0006215679869055748,3211264,inf
getitem_499,3372,-1,3895,3895,1024,0.0,0.0,0.0,1024,0.0
getitem_500,3373,-1,3895,3895,1024,0.0,0.0,0.0,1024,0.0
getitem_501,3374,-1,3895,3895,0,0.0,0.0,0.0,0,0.0
relu__121,3375,3376,3891,3894,3211264,0.1075640326384454,0.0,0.0011530240438878537,3211264,inf
convolution_125,3376,3378,3887,3887,3211264,0.10696908863075068,0.0,0.0013506560400128364,3211264,inf
getitem_503,3380,-1,3887,3887,1024,0.0,0.0,0.0,1024,0.0
getitem_504,3381,-1,3887,3887,1024,0.0,0.0,0.0,1024,0.0
getitem_505,3382,-1,3887,3887,0,0.0,0.0,0.0,0,0.0
relu__122,3383,3384,3883,3886,3211264,0.10521600064076475,0.0,0.0006123520210385323,3211264,inf
convolution_126,3384,3386,3879,3879,12845056,0.10409984066523603,0.0,0.0008325120210647583,12845056,inf
getitem_507,3388,-1,3879,3879,4096,0.0,0.0,0.0,4096,0.0
getitem_508,3389,-1,3879,3879,4096,0.0,0.0,0.0,4096,0.0
getitem_509,3390,-1,3879,3879,0,0.0,0.0,0.0,0,0.0
relu__123,3392,3416,3874,3878,12845056,0.0980326406639069,0.0,0.0038225919976830483,12845056,inf
convolution_127,3393,3395,3870,3870,3211264,0.10082611265406007,0.0,0.0007270400151610374,3211264,inf
getitem_511,3397,-1,3870,3870,1024,0.0,0.0,0.0,1024,0.0
getitem_512,3398,-1,3870,3870,1024,0.0,0.0,0.0,1024,0.0
getitem_513,3399,-1,3870,3870,0,0.0,0.0,0.0,0,0.0
relu__124,3400,3401,3866,3869,3211264,0.09749299269914624,0.0,0.0012011520005762578,3211264,inf
convolution_128,3401,3403,3862,3862,3211264,0.09685708868503567,0.0,0.0013598719984292983,3211264,inf
getitem_515,3405,-1,3862,3862,1024,0.0,0.0,0.0,1024,0.0
getitem_516,3406,-1,3862,3862,1024,0.0,0.0,0.0,1024,0.0
getitem_517,3407,-1,3862,3862,0,0.0,0.0,0.0,0,0.0
relu__125,3408,3409,3858,3861,3211264,0.09506304068490863,0.0,0.0006225919984281063,3211264,inf
convolution_129,3409,3411,3854,3854,12845056,0.09394483265653253,0.0,0.0008417280018329621,12845056,inf
getitem_519,3413,-1,3854,3854,4096,0.0,0.0,0.0,4096,0.0
getitem_520,3414,-1,3854,3854,4096,0.0,0.0,0.0,4096,0.0
getitem_521,3415,-1,3854,3854,0,0.0,0.0,0.0,0,0.0
relu__126,3417,3441,3849,3853,12845056,0.08775065661966801,0.0,0.0040386560000479224,12845056,inf
convolution_130,3418,3420,3845,3845,3211264,0.09065779261291028,0.0,0.0007249919995665551,3211264,inf
getitem_523,3422,-1,3845,3845,1024,0.0,0.0,0.0,1024,0.0
getitem_524,3423,-1,3845,3845,1024,0.0,0.0,0.0,1024,0.0
getitem_525,3424,-1,3845,3845,0,0.0,0.0,0.0,0,0.0
relu__127,3425,3426,3841,3844,3211264,0.0872355845682323,0.0,0.0012093439921736717,3211264,inf
convolution_131,3426,3428,3837,3837,3211264,0.08661196855828167,0.0,0.0013486079946160318,3211264,inf
getitem_527,3430,-1,3837,3837,1024,0.0,0.0,0.0,1024,0.0
getitem_528,3431,-1,3837,3837,1024,0.0,0.0,0.0,1024,0.0
getitem_529,3432,-1,3837,3837,0,0.0,0.0,0.0,0,0.0
relu__128,3433,3434,3833,3836,3211264,0.08478720054030418,0.0,0.0006215679943561553,3211264,inf
convolution_132,3434,3436,3829,3829,12845056,0.08343654454872014,0.0,0.001070080004632473,12845056,inf
getitem_531,3438,-1,3829,3829,4096,0.0,0.0,0.0,4096,0.0
getitem_532,3439,-1,3829,3829,4096,0.0,0.0,0.0,4096,0.0
getitem_533,3440,-1,3829,3829,0,0.0,0.0,0.0,0,0.0
relu__129,3442,3466,3824,3828,12845056,0.07813324848189956,0.0,0.003219456072896719,12845056,inf
convolution_133,3443,3445,3820,3820,3211264,0.08035737656801943,0.0,0.0006389759927988054,3211264,inf
getitem_535,3447,-1,3820,3820,1024,0.0,0.0,0.0,1024,0.0
getitem_536,3448,-1,3820,3820,1024,0.0,0.0,0.0,1024,0.0
getitem_537,3449,-1,3820,3820,0,0.0,0.0,0.0,0,0.0
relu__130,3450,3451,3816,3819,3211264,0.07700992046482863,0.0,0.0011663360595703127,3211264,inf
convolution_134,3451,3453,3812,3812,3211264,0.07615180846489968,0.0,0.0012656640559434893,3211264,inf
getitem_539,3455,-1,3812,3812,1024,0.0,0.0,0.0,1024,0.0
getitem_540,3456,-1,3812,3812,1024,0.0,0.0,0.0,1024,0.0
getitem_541,3457,-1,3812,3812,0,0.0,0.0,0.0,0,0.0
relu__131,3458,3459,3808,3811,3211264,0.07448473641835156,0.0,0.0005642240233719349,3211264,inf
convolution_135,3459,3461,3804,3804,12845056,0.07341056044586006,0.0,0.0007475200220942496,12845056,inf
getitem_543,3463,-1,3804,3804,4096,0.0,0.0,0.0,4096,0.0
getitem_544,3464,-1,3804,3804,4096,0.0,0.0,0.0,4096,0.0
getitem_545,3465,-1,3804,3804,0,0.0,0.0,0.0,0,0.0
relu__132,3467,3491,3799,3803,12845056,0.06811238443106414,0.0,0.0032225279696285734,12845056,inf
convolution_136,3468,3470,3795,3795,3211264,0.07043481640517717,0.0,0.0006266879960894585,3211264,inf
getitem_547,3472,-1,3795,3795,1024,0.0,0.0,0.0,1024,0.0
getitem_548,3473,-1,3795,3795,1024,0.0,0.0,0.0,1024,0.0
getitem_549,3474,-1,3795,3795,0,0.0,0.0,0.0,0,0.0
relu__133,3475,3476,3791,3794,3211264,0.06690918437018996,0.0,0.001181695982813835,3211264,inf
convolution_137,3476,3478,3787,3787,3211264,0.06643404837884014,0.0,0.0012810239866375922,3211264,inf
getitem_551,3480,-1,3787,3787,1024,0.0,0.0,0.0,1024,0.0
getitem_552,3481,-1,3787,3787,1024,0.0,0.0,0.0,1024,0.0
getitem_553,3482,-1,3787,3787,0,0.0,0.0,0.0,0,0.0
relu__134,3483,3484,3783,3786,3211264,0.0647331843990833,0.0,0.0005611519999802113,3211264,inf
convolution_138,3484,3486,3779,3779,12845056,0.0637757444158197,0.0,0.0007444479987025261,12845056,inf
getitem_555,3488,-1,3779,3779,4096,0.0,0.0,0.0,4096,0.0
getitem_556,3489,-1,3779,3779,4096,0.0,0.0,0.0,4096,0.0
getitem_557,3490,-1,3779,3779,0,0.0,0.0,0.0,0,0.0
relu__135,3492,3516,3774,3778,12845056,0.057593856398016244,0.0,0.004084735978394746,12845056,inf
convolution_139,3493,3495,3770,3770,3211264,0.06047334437444811,0.0,0.0008130560107529164,3211264,inf
getitem_559,3497,-1,3770,3770,1024,0.0,0.0,0.0,1024,0.0
getitem_560,3498,-1,3770,3770,1024,0.0,0.0,0.0,1024,0.0
getitem_561,3499,-1,3770,3770,0,0.0,0.0,0.0,0,0.0
relu__136,3500,3501,3766,3769,3211264,0.05675929644703869,0.0,0.0013619200140237808,3211264,inf
convolution_140,3501,3503,3762,3762,3211264,0.0562196484487504,0.0,0.0013926400169730186,3211264,inf
getitem_563,3505,-1,3762,3762,1024,0.0,0.0,0.0,1024,0.0
getitem_564,3506,-1,3762,3762,1024,0.0,0.0,0.0,1024,0.0
getitem_565,3507,-1,3762,3762,0,0.0,0.0,0.0,0,0.0
relu__137,3508,3509,3758,3761,3211264,0.0543836164865643,0.0,0.0006123519726097584,3211264,inf
convolution_141,3509,3511,3754,3754,12845056,0.05322649648971858,0.0,0.0008417279645800591,12845056,inf
getitem_567,3513,-1,3754,3754,4096,0.0,0.0,0.0,4096,0.0
getitem_568,3514,-1,3754,3754,4096,0.0,0.0,0.0,4096,0.0
getitem_569,3515,-1,3754,3754,0,0.0,0.0,0.0,0,0.0
relu__138,3517,3541,3749,3753,12845056,0.04688281643204393,0.0,0.003915776018053293,12845056,inf
convolution_142,3518,3520,3745,3745,3211264,0.04979404845274986,0.0,0.0007055360004305839,3211264,inf
getitem_571,3522,-1,3745,3745,1024,0.0,0.0,0.0,1024,0.0
getitem_572,3523,-1,3745,3745,1024,0.0,0.0,0.0,1024,0.0
getitem_573,3524,-1,3745,3745,0,0.0,0.0,0.0,0,0.0
relu__139,3525,3526,3741,3744,3211264,0.04612608055956664,0.0,0.0012011519856750966,3211264,inf
convolution_143,3526,3528,3737,3737,3211264,0.04556185656413438,0.0,0.0013578239902853966,3211264,inf
getitem_575,3530,-1,3737,3737,1024,0.0,0.0,0.0,1024,0.0
getitem_576,3531,-1,3737,3737,1024,0.0,0.0,0.0,1024,0.0
getitem_577,3532,-1,3737,3737,0,0.0,0.0,0.0,0,0.0
relu__140,3533,3534,3733,3736,3211264,0.043655168546363726,0.0,0.0006502400264143944,3211264,inf
convolution_144,3534,3536,3729,3729,12845056,0.04282982453890146,0.0,0.000845824033021927,12845056,inf
getitem_579,3538,-1,3729,3729,4096,0.0,0.0,0.0,4096,0.0
getitem_580,3539,-1,3729,3729,4096,0.0,0.0,0.0,4096,0.0
getitem_581,3540,-1,3729,3729,0,0.0,0.0,0.0,0,0.0
relu__141,3542,3566,3701,3728,12845056,0.02342912018857897,0.0,0.006832128118723631,12845056,inf
convolution_145,3543,3545,3720,3720,6422528,0.03769548853859307,0.0,0.0011315199881792067,6422528,inf
getitem_583,3547,-1,3720,3720,2048,0.0,0.0,0.0,2048,0.0
getitem_584,3548,-1,3720,3720,2048,0.0,0.0,0.0,2048,0.0
getitem_585,3549,-1,3720,3720,0,0.0,0.0,0.0,0,0.0
relu__142,3550,3551,3716,3719,6422528,0.033219584383070475,0.0,0.001653760053217411,6422528,inf
convolution_146,3551,3553,3712,3712,1605632,0.032676864376291644,0.0,0.0018135040551424024,1605632,inf
getitem_587,3555,-1,3712,3712,2048,0.0,0.0,0.0,2048,0.0
getitem_588,3556,-1,3712,3712,2048,0.0,0.0,0.0,2048,0.0
getitem_589,3557,-1,3712,3712,0,0.0,0.0,0.0,0,0.0
relu__143,3558,3559,3708,3711,1605632,0.030416896367445604,0.0,0.0007045120000839233,1605632,inf
convolution_147,3559,3561,3704,3704,6422528,0.02942771234549583,0.0,0.0009215999990701675,6422528,inf
getitem_591,3563,-1,3704,3704,8192,0.0,0.0,0.0,8192,0.0
getitem_592,3564,-1,3704,3704,8192,0.0,0.0,0.0,8192,0.0
getitem_593,3565,-1,3704,3704,0,0.0,0.0,0.0,0,0.0
convolution_148,3566,3568,3697,3697,6422528,0.022659072192385797,0.0,0.002477056063711643,6422528,inf
getitem_595,3570,-1,3697,3697,8192,0.0,0.0,0.0,8192,0.0
getitem_596,3571,-1,3697,3697,8192,0.0,0.0,0.0,8192,0.0
getitem_597,3572,-1,3697,3697,0,0.0,0.0,0.0,0,0.0
relu__144,3574,3598,3692,3696,6422528,0.016595968147739774,0.0,0.004239360075443983,6422528,inf
convolution_149,3575,3577,3688,3688,1605632,0.019729408191516997,0.0,0.0008284160345792772,1605632,inf
getitem_599,3579,-1,3688,3688,2048,0.0,0.0,0.0,2048,0.0
getitem_600,3580,-1,3688,3688,2048,0.0,0.0,0.0,2048,0.0
getitem_601,3581,-1,3688,3688,0,0.0,0.0,0.0,0,0.0
relu__145,3582,3583,3684,3687,1605632,0.015626240056008104,0.0,0.0015585280507802964,1605632,inf
convolution_150,3583,3585,3680,3680,1605632,0.015182848053053024,0.0,0.0016885760575532914,1605632,inf
getitem_603,3587,-1,3680,3680,2048,0.0,0.0,0.0,2048,0.0
getitem_604,3588,-1,3680,3680,2048,0.0,0.0,0.0,2048,0.0
getitem_605,3589,-1,3680,3680,0,0.0,0.0,0.0,0,0.0
relu__146,3590,3591,3676,3679,1605632,0.013103104105219246,0.0,0.0006789119914174081,1605632,inf
convolution_151,3591,3593,3672,3672,6422528,0.012268544122576714,0.0,0.000885759986937046,6422528,inf
getitem_607,3595,-1,3672,3672,8192,0.0,0.0,0.0,8192,0.0
getitem_608,3596,-1,3672,3672,8192,0.0,0.0,0.0,8192,0.0
getitem_609,3597,-1,3672,3672,0,0.0,0.0,0.0,0,0.0
relu__147,3599,3623,3667,3671,6422528,0.006889472059905529,0.0,0.0034662400633096693,6422528,inf
convolution_152,3600,3602,3663,3663,1605632,0.009239552102982999,0.0,0.0007526400163769722,1605632,inf
getitem_611,3604,-1,3663,3663,2048,0.0,0.0,0.0,2048,0.0
getitem_612,3605,-1,3663,3663,2048,0.0,0.0,0.0,2048,0.0
getitem_613,3606,-1,3663,3663,0,0.0,0.0,0.0,0,0.0
relu__148,3607,3608,3659,3662,1605632,0.005324799947440623,0.0,0.0013455360531806945,1605632,inf
convolution_153,3608,3610,3655,3655,1605632,0.004918271943926811,0.0,0.0014684160575270653,1605632,inf
getitem_615,3612,-1,3655,3655,2048,0.0,0.0,0.0,2048,0.0
getitem_616,3613,-1,3655,3655,2048,0.0,0.0,0.0,2048,0.0
getitem_617,3614,-1,3655,3655,0,0.0,0.0,0.0,0,0.0
relu__149,3615,3616,3651,3654,1605632,0.0029153279736638072,0.0,0.000601087987422943,1605632,inf
convolution_154,3616,3618,3647,3647,6422528,0.0023183359727263447,0.0,0.0008017919957637787,6422528,inf
getitem_619,3620,-1,3647,3647,8192,0.0,0.0,0.0,8192,0.0
getitem_620,3621,-1,3647,3647,8192,0.0,0.0,0.0,8192,0.0
getitem_621,3622,-1,3647,3647,0,0.0,0.0,0.0,0,0.0
relu__150,3624,3625,3646,3646,6422528,0.0019230719767510892,0.0,0.0001669119969010353,6422528,inf
view,3626,3628,3638,3638,131072,0.0006676479987800122,0.0,0.00046489599347114563,131072,inf
t,3627,3628,3635,3635,8192000,0.0003768320046365261,0.0,0.0003788799941539764,8192000,inf
