activation_name,creation_rank,last_fw_use_rank,first_bw_use_rank,last_bw_use_rank,median_mem_size_bytes,inactive_time_s,recomp_time_s,recomp_memory_bytes
convolution,2336,2338,4926,4926,102760448,0.4755603519224096,0.100352,102760448
getitem_1,2340,-1,4926,4926,256,0.0,1e-06,256
getitem_2,2341,-1,4926,4926,256,0.0,1e-06,256
getitem_3,2342,-1,4926,4926,0,0.0,1e-06,0
relu_,2343,2344,4924,4925,102760448,0.46397686390881415,0.100352,102760448
getitem_4,2345,2370,4897,4920,25690112,0.43973263972182697,0.025088,25690112
getitem_5,2346,-1,4924,4924,51380224,0.0,0.050176,51380224
convolution_1,2347,2349,4916,4916,25690112,0.4614998079512731,0.025088,25690112
getitem_7,2351,-1,4916,4916,256,0.0,1e-06,256
getitem_8,2352,-1,4916,4916,256,0.0,1e-06,256
getitem_9,2353,-1,4916,4916,0,0.0,1e-06,0
relu__1,2354,2355,4912,4915,25690112,0.4582107839633242,0.025088,25690112
convolution_2,2355,2357,4908,4908,25690112,0.45757897596363883,0.025088,25690112
getitem_11,2359,-1,4908,4908,256,0.0,1e-06,256
getitem_12,2360,-1,4908,4908,256,0.0,1e-06,256
getitem_13,2361,-1,4908,4908,0,0.0,1e-06,0
relu__2,2362,2363,4904,4907,25690112,0.45355065587838145,0.025088,25690112
convolution_3,2363,2365,4900,4900,102760448,0.4440844476625782,0.100352,102760448
getitem_15,2367,-1,4900,4900,1024,0.0,1e-06,1024
getitem_16,2368,-1,4900,4900,1024,0.0,1e-06,1024
getitem_17,2369,-1,4900,4900,0,0.0,1e-06,0
convolution_4,2370,2372,4893,4893,102760448,0.4303447035767596,0.100352,102760448
getitem_19,2374,-1,4893,4893,1024,0.0,1e-06,1024
getitem_20,2375,-1,4893,4893,1024,0.0,1e-06,1024
getitem_21,2376,-1,4893,4893,0,0.0,1e-06,0
relu__3,2378,2402,4888,4892,102760448,0.3849591357626477,0.100352,102760448
convolution_5,2379,2381,4884,4884,25690112,0.4099978876963717,0.025088,25690112
getitem_23,2383,-1,4884,4884,256,0.0,1e-06,256
getitem_24,2384,-1,4884,4884,256,0.0,1e-06,256
getitem_25,2385,-1,4884,4884,0,0.0,1e-06,0
relu__4,2386,2387,4880,4883,25690112,0.406892095810966,0.025088,25690112
convolution_6,2387,2389,4876,4876,25690112,0.4061354878165288,0.025088,25690112
getitem_27,2391,-1,4876,4876,256,0.0,1e-06,256
getitem_28,2392,-1,4876,4876,256,0.0,1e-06,256
getitem_29,2393,-1,4876,4876,0,0.0,1e-06,0
relu__5,2394,2395,4872,4875,25690112,0.40201827186462413,0.025088,25690112
convolution_7,2395,2397,4868,4868,102760448,0.39279004770261167,0.100352,102760448
getitem_31,2399,-1,4868,4868,1024,0.0,1e-06,1024
getitem_32,2400,-1,4868,4868,1024,0.0,1e-06,1024
getitem_33,2401,-1,4868,4868,0,0.0,1e-06,0
relu__6,2403,2427,4863,4867,102760448,0.3425111357469565,0.100352,102760448
convolution_8,2404,2406,4859,4859,25690112,0.3678644477494515,0.025088,25690112
getitem_35,2408,-1,4859,4859,256,0.0,1e-06,256
getitem_36,2409,-1,4859,4859,256,0.0,1e-06,256
getitem_37,2410,-1,4859,4859,0,0.0,1e-06,0
relu__7,2411,2412,4855,4858,25690112,0.36475139172305227,0.025088,25690112
convolution_9,2412,2414,4851,4851,25690112,0.36409107172977984,0.025088,25690112
getitem_39,2416,-1,4851,4851,256,0.0,1e-06,256
getitem_40,2417,-1,4851,4851,256,0.0,1e-06,256
getitem_41,2418,-1,4851,4851,0,0.0,1e-06,0
relu__8,2419,2420,4847,4850,25690112,0.35993289570254144,0.025088,25690112
convolution_10,2420,2422,4843,4843,102760448,0.3454599357035464,0.100352,102760448
getitem_43,2424,-1,4843,4843,1024,0.0,1e-06,1024
getitem_44,2425,-1,4843,4843,1024,0.0,1e-06,1024
getitem_45,2426,-1,4843,4843,0,0.0,1e-06,0
relu__9,2428,2452,4815,4842,102760448,0.30259119978849686,0.100352,102760448
convolution_11,2429,2431,4834,4834,51380224,0.32199126364407005,0.050176,51380224
getitem_47,2433,-1,4834,4834,512,0.0,1e-06,512
getitem_48,2434,-1,4834,4834,512,0.0,1e-06,512
getitem_49,2435,-1,4834,4834,0,0.0,1e-06,0
relu__10,2436,2437,4830,4833,51380224,0.31411407960508836,0.050176,51380224
convolution_12,2437,2439,4826,4826,12845056,0.31363180761528087,0.012544,12845056
getitem_51,2441,-1,4826,4826,512,0.0,1e-06,512
getitem_52,2442,-1,4826,4826,512,0.0,1e-06,512
getitem_53,2443,-1,4826,4826,0,0.0,1e-06,0
relu__11,2444,2445,4822,4825,12845056,0.31179731157352114,0.012544,12845056
convolution_13,2445,2447,4818,4818,51380224,0.3091284796793469,0.050176,51380224
getitem_55,2449,-1,4818,4818,2048,0.0,2e-06,2048
getitem_56,2450,-1,4818,4818,2048,0.0,2e-06,2048
getitem_57,2451,-1,4818,4818,0,0.0,1e-06,0
convolution_14,2452,2454,4811,4811,51380224,0.2997825597182374,0.050176,51380224
getitem_59,2456,-1,4811,4811,2048,0.0,2e-06,2048
getitem_60,2457,-1,4811,4811,2048,0.0,2e-06,2048
getitem_61,2458,-1,4811,4811,0,0.0,1e-06,0
relu__12,2460,2484,4806,4810,51380224,0.28386870368500206,0.050176,51380224
convolution_15,2461,2463,4802,4802,12845056,0.2917947198406322,0.012544,12845056
getitem_63,2465,-1,4802,4802,512,0.0,1e-06,512
getitem_64,2466,-1,4802,4802,512,0.0,1e-06,512
getitem_65,2467,-1,4802,4802,0,0.0,1e-06,0
relu__13,2468,2469,4798,4801,12845056,0.28932281588134323,0.012544,12845056
convolution_16,2469,2471,4794,4794,12845056,0.28895734387938826,0.012544,12845056
getitem_67,2473,-1,4794,4794,512,0.0,1e-06,512
getitem_68,2474,-1,4794,4794,512,0.0,1e-06,512
getitem_69,2475,-1,4794,4794,0,0.0,1e-06,0
relu__14,2476,2477,4790,4793,12845056,0.2872855038691774,0.012544,12845056
convolution_17,2477,2479,4786,4786,51380224,0.2844734717544631,0.050176,51380224
getitem_71,2481,-1,4786,4786,2048,0.0,2e-06,2048
getitem_72,2482,-1,4786,4786,2048,0.0,2e-06,2048
getitem_73,2483,-1,4786,4786,0,0.0,1e-06,0
relu__15,2485,2509,4781,4785,51380224,0.2690594235092867,0.050176,51380224
convolution_18,2486,2488,4777,4777,12845056,0.2770485115994233,0.012544,12845056
getitem_75,2490,-1,4777,4777,512,0.0,1e-06,512
getitem_76,2491,-1,4777,4777,512,0.0,1e-06,512
getitem_77,2492,-1,4777,4777,0,0.0,1e-06,0
relu__16,2493,2494,4773,4776,12845056,0.2745837755810934,0.012544,12845056
convolution_19,2494,2496,4769,4769,12845056,0.2742031355735379,0.012544,12845056
getitem_79,2498,-1,4769,4769,512,0.0,1e-06,512
getitem_80,2499,-1,4769,4769,512,0.0,1e-06,512
getitem_81,2500,-1,4769,4769,0,0.0,1e-06,0
relu__17,2501,2502,4765,4768,12845056,0.2724562875938136,0.012544,12845056
convolution_20,2502,2504,4761,4761,51380224,0.2697096315857489,0.050176,51380224
getitem_83,2506,-1,4761,4761,2048,0.0,2e-06,2048
getitem_84,2507,-1,4761,4761,2048,0.0,2e-06,2048
getitem_85,2508,-1,4761,4761,0,0.0,1e-06,0
relu__18,2510,2534,4756,4760,51380224,0.24872124767606135,0.050176,51380224
convolution_21,2511,2513,4752,4752,12845056,0.2620705274783541,0.012544,12845056
getitem_87,2515,-1,4752,4752,512,0.0,1e-06,512
getitem_88,2516,-1,4752,4752,512,0.0,1e-06,512
getitem_89,2517,-1,4752,4752,0,0.0,1e-06,0
relu__19,2518,2519,4748,4751,12845056,0.25964303949405443,0.012544,12845056
convolution_22,2519,2521,4744,4744,12845056,0.25928195149940436,0.012544,12845056
getitem_91,2523,-1,4744,4744,512,0.0,1e-06,512
getitem_92,2524,-1,4744,4744,512,0.0,1e-06,512
getitem_93,2525,-1,4744,4744,0,0.0,1e-06,0
relu__20,2526,2527,4740,4743,12845056,0.25756585549307054,0.012544,12845056
convolution_23,2527,2529,4736,4736,51380224,0.2494813756134825,0.050176,51380224
getitem_95,2531,-1,4736,4736,2048,0.0,2e-06,2048
getitem_96,2532,-1,4736,4736,2048,0.0,2e-06,2048
getitem_97,2533,-1,4736,4736,0,0.0,1e-06,0
relu__21,2535,2559,4731,4735,51380224,0.23832079969090403,0.050176,51380224
convolution_24,2536,2538,4727,4727,12845056,0.24197020765324112,0.012544,12845056
getitem_99,2540,-1,4727,4727,512,0.0,1e-06,512
getitem_100,2541,-1,4727,4727,512,0.0,1e-06,512
getitem_101,2542,-1,4727,4727,0,0.0,1e-06,0
relu__22,2543,2544,4723,4726,12845056,0.239538367652567,0.012544,12845056
convolution_25,2544,2546,4719,4719,12845056,0.2391501436487305,0.012544,12845056
getitem_103,2548,-1,4719,4719,512,0.0,1e-06,512
getitem_104,2549,-1,4719,4719,512,0.0,1e-06,512
getitem_105,2550,-1,4719,4719,0,0.0,1e-06,0
relu__23,2551,2552,4715,4718,12845056,0.23735302371834396,0.012544,12845056
convolution_26,2552,2554,4711,4711,51380224,0.23619775971700432,0.050176,51380224
getitem_107,2556,-1,4711,4711,2048,0.0,2e-06,2048
getitem_108,2557,-1,4711,4711,2048,0.0,2e-06,2048
getitem_109,2558,-1,4711,4711,0,0.0,1e-06,0
relu__24,2560,2584,4706,4710,51380224,0.23177113567409105,0.050176,51380224
convolution_27,2561,2563,4702,4702,12845056,0.2335378236819524,0.012544,12845056
getitem_111,2565,-1,4702,4702,512,0.0,1e-06,512
getitem_112,2566,-1,4702,4702,512,0.0,1e-06,512
getitem_113,2567,-1,4702,4702,0,0.0,1e-06,0
relu__25,2568,2569,4698,4701,12845056,0.23184979172353629,0.012544,12845056
convolution_28,2569,2571,4694,4694,12845056,0.23150707172160032,0.012544,12845056
getitem_115,2573,-1,4694,4694,512,0.0,1e-06,512
getitem_116,2574,-1,4694,4694,512,0.0,1e-06,512
getitem_117,2575,-1,4694,4694,0,0.0,1e-06,0
relu__26,2576,2577,4690,4693,12845056,0.2304337597202975,0.012544,12845056
convolution_29,2577,2579,4686,4686,51380224,0.22952172770467585,0.050176,51380224
getitem_119,2581,-1,4686,4686,2048,0.0,2e-06,2048
getitem_120,2582,-1,4686,4686,2048,0.0,2e-06,2048
getitem_121,2583,-1,4686,4686,0,0.0,1e-06,0
relu__27,2585,2609,4681,4685,51380224,0.22487033567135234,0.050176,51380224
convolution_30,2586,2588,4677,4677,12845056,0.2268263356846292,0.012544,12845056
getitem_123,2590,-1,4677,4677,512,0.0,1e-06,512
getitem_124,2591,-1,4677,4677,512,0.0,1e-06,512
getitem_125,2592,-1,4677,4677,0,0.0,1e-06,0
relu__28,2593,2594,4673,4676,12845056,0.22510233569447888,0.012544,12845056
convolution_31,2594,2596,4669,4669,12845056,0.22475811169040394,0.012544,12845056
getitem_127,2598,-1,4669,4669,512,0.0,1e-06,512
getitem_128,2599,-1,4669,4669,512,0.0,1e-06,512
getitem_129,2600,-1,4669,4669,0,0.0,1e-06,0
relu__29,2601,2602,4665,4668,12845056,0.2236004476875533,0.012544,12845056
convolution_32,2602,2604,4661,4661,51380224,0.22265731171076192,0.050176,51380224
getitem_131,2606,-1,4661,4661,2048,0.0,2e-06,2048
getitem_132,2607,-1,4661,4661,2048,0.0,2e-06,2048
getitem_133,2608,-1,4661,4661,0,0.0,1e-06,0
relu__30,2610,2634,4656,4660,51380224,0.21817295967531397,0.050176,51380224
convolution_33,2611,2613,4652,4652,12845056,0.21996937568602165,0.012544,12845056
getitem_135,2615,-1,4652,4652,512,0.0,1e-06,512
getitem_136,2616,-1,4652,4652,512,0.0,1e-06,512
getitem_137,2617,-1,4652,4652,0,0.0,1e-06,0
relu__31,2618,2619,4648,4651,12845056,0.2182814076759388,0.012544,12845056
convolution_34,2619,2621,4644,4644,12845056,0.21796774367918267,0.012544,12845056
getitem_139,2623,-1,4644,4644,512,0.0,1e-06,512
getitem_140,2624,-1,4644,4644,512,0.0,1e-06,512
getitem_141,2625,-1,4644,4644,0,0.0,1e-06,0
relu__32,2626,2627,4640,4643,12845056,0.21691577568952933,0.012544,12845056
convolution_35,2627,2629,4636,4636,51380224,0.21601852768217217,0.050176,51380224
getitem_143,2631,-1,4636,4636,2048,0.0,2e-06,2048
getitem_144,2632,-1,4636,4636,2048,0.0,2e-06,2048
getitem_145,2633,-1,4636,4636,0,0.0,1e-06,0
relu__33,2635,2659,4608,4635,51380224,0.2066425597195049,0.050176,51380224
convolution_36,2636,2638,4627,4627,25690112,0.21279955170047474,0.025088,25690112
getitem_147,2640,-1,4627,4627,1024,0.0,1e-06,1024
getitem_148,2641,-1,4627,4627,1024,0.0,1e-06,1024
getitem_149,2642,-1,4627,4627,0,0.0,1e-06,0
relu__34,2643,2644,4623,4626,25690112,0.21088934374717075,0.025088,25690112
convolution_37,2644,2646,4619,4619,6422528,0.21058447974105376,0.006272,6422528
getitem_151,2648,-1,4619,4619,1024,0.0,1e-06,1024
getitem_152,2649,-1,4619,4619,1024,0.0,1e-06,1024
getitem_153,2650,-1,4619,4619,0,0.0,1e-06,0
relu__35,2651,2652,4615,4618,6422528,0.2094779197510799,0.006272,6422528
convolution_38,2652,2654,4611,4611,25690112,0.20892803174746238,0.025088,25690112
getitem_155,2656,-1,4611,4611,4096,0.0,4e-06,4096
getitem_156,2657,-1,4611,4611,4096,0.0,4e-06,4096
getitem_157,2658,-1,4611,4611,0,0.0,1e-06,0
convolution_39,2659,2661,4604,4604,25690112,0.20615811171126558,0.025088,25690112
getitem_159,2663,-1,4604,4604,4096,0.0,4e-06,4096
getitem_160,2664,-1,4604,4604,4096,0.0,4e-06,4096
getitem_161,2665,-1,4604,4604,0,0.0,1e-06,0
relu__36,2667,2691,4599,4603,25690112,0.20303731172648273,0.025088,25690112
convolution_40,2668,2670,4595,4595,6422528,0.2044598717160989,0.006272,6422528
getitem_163,2672,-1,4595,4595,1024,0.0,1e-06,1024
getitem_164,2673,-1,4595,4595,1024,0.0,1e-06,1024
getitem_165,2674,-1,4595,4595,0,0.0,1e-06,0
relu__37,2675,2676,4591,4594,6422528,0.20272643170063387,0.006272,6422528
convolution_41,2676,2678,4587,4587,6422528,0.20244278369774116,0.006272,6422528
getitem_167,2680,-1,4587,4587,1024,0.0,1e-06,1024
getitem_168,2681,-1,4587,4587,1024,0.0,1e-06,1024
getitem_169,2682,-1,4587,4587,0,0.0,1e-06,0
relu__38,2683,2684,4583,4586,6422528,0.20144345569168226,0.006272,6422528
convolution_42,2684,2686,4579,4579,25690112,0.20097667168756028,0.025088,25690112
getitem_171,2688,-1,4579,4579,4096,0.0,4e-06,4096
getitem_172,2689,-1,4579,4579,4096,0.0,4e-06,4096
getitem_173,2690,-1,4579,4579,0,0.0,1e-06,0
relu__39,2692,2716,4574,4578,25690112,0.19782566368882562,0.025088,25690112
convolution_43,2693,2695,4570,4570,6422528,0.19915091167320512,0.006272,6422528
getitem_175,2697,-1,4570,4570,1024,0.0,1e-06,1024
getitem_176,2698,-1,4570,4570,1024,0.0,1e-06,1024
getitem_177,2699,-1,4570,4570,0,0.0,1e-06,0
relu__40,2700,2701,4566,4569,6422528,0.19741017570090494,0.006272,6422528
convolution_44,2701,2703,4562,4562,6422528,0.19713811170239945,0.006272,6422528
getitem_179,2705,-1,4562,4562,1024,0.0,1e-06,1024
getitem_180,2706,-1,4562,4562,1024,0.0,1e-06,1024
getitem_181,2707,-1,4562,4562,0,0.0,1e-06,0
relu__41,2708,2709,4558,4561,6422528,0.196192895704182,0.006272,6422528
convolution_45,2709,2711,4554,4554,25690112,0.19576182370935583,0.025088,25690112
getitem_183,2713,-1,4554,4554,4096,0.0,4e-06,4096
getitem_184,2714,-1,4554,4554,4096,0.0,4e-06,4096
getitem_185,2715,-1,4554,4554,0,0.0,1e-06,0
relu__42,2717,2741,4549,4553,25690112,0.19264783969079163,0.025088,25690112
convolution_46,2718,2720,4545,4545,6422528,0.19407414370519127,0.006272,6422528
getitem_187,2722,-1,4545,4545,1024,0.0,1e-06,1024
getitem_188,2723,-1,4545,4545,1024,0.0,1e-06,1024
getitem_189,2724,-1,4545,4545,0,0.0,1e-06,0
relu__43,2725,2726,4541,4544,6422528,0.19228732769680226,0.006272,6422528
convolution_47,2726,2728,4537,4537,6422528,0.19200572770205346,0.006272,6422528
getitem_191,2730,-1,4537,4537,1024,0.0,1e-06,1024
getitem_192,2731,-1,4537,4537,1024,0.0,1e-06,1024
getitem_193,2732,-1,4537,4537,0,0.0,1e-06,0
relu__44,2733,2734,4533,4536,6422528,0.19103395172138712,0.006272,6422528
convolution_48,2734,2736,4529,4529,25690112,0.19059468771633706,0.025088,25690112
getitem_195,2738,-1,4529,4529,4096,0.0,4e-06,4096
getitem_196,2739,-1,4529,4529,4096,0.0,4e-06,4096
getitem_197,2740,-1,4529,4529,0,0.0,1e-06,0
relu__45,2742,2766,4524,4528,25690112,0.187511903756531,0.025088,25690112
convolution_49,2743,2745,4520,4520,6422528,0.18890230373968375,0.006272,6422528
getitem_199,2747,-1,4520,4520,1024,0.0,1e-06,1024
getitem_200,2748,-1,4520,4520,1024,0.0,1e-06,1024
getitem_201,2749,-1,4520,4520,0,0.0,1e-06,0
relu__46,2750,2751,4516,4519,6422528,0.18717372777615676,0.006272,6422528
convolution_50,2751,2753,4512,4512,6422528,0.18689801577781326,0.006272,6422528
getitem_203,2755,-1,4512,4512,1024,0.0,1e-06,1024
getitem_204,2756,-1,4512,4512,1024,0.0,1e-06,1024
getitem_205,2757,-1,4512,4512,0,0.0,1e-06,0
relu__47,2758,2759,4508,4511,6422528,0.1859492797956336,0.006272,6422528
convolution_51,2759,2761,4504,4504,25690112,0.18552015979890712,0.025088,25690112
getitem_207,2763,-1,4504,4504,4096,0.0,4e-06,4096
getitem_208,2764,-1,4504,4504,4096,0.0,4e-06,4096
getitem_209,2765,-1,4504,4504,0,0.0,1e-06,0
relu__48,2767,2791,4499,4503,25690112,0.18221423981827695,0.025088,25690112
convolution_52,2768,2770,4495,4495,6422528,0.1837862078074832,0.006272,6422528
getitem_211,2772,-1,4495,4495,1024,0.0,1e-06,1024
getitem_212,2773,-1,4495,4495,1024,0.0,1e-06,1024
getitem_213,2774,-1,4495,4495,0,0.0,1e-06,0
relu__49,2775,2776,4491,4494,6422528,0.18198067179997454,0.006272,6422528
convolution_53,2776,2778,4487,4487,6422528,0.1816940797970165,0.006272,6422528
getitem_215,2780,-1,4487,4487,1024,0.0,1e-06,1024
getitem_216,2781,-1,4487,4487,1024,0.0,1e-06,1024
getitem_217,2782,-1,4487,4487,0,0.0,1e-06,0
relu__50,2783,2784,4483,4486,6422528,0.18066406378452673,0.006272,6422528
convolution_54,2784,2786,4479,4479,25690112,0.18020367977884608,0.025088,25690112
getitem_219,2788,-1,4479,4479,4096,0.0,4e-06,4096
getitem_220,2789,-1,4479,4479,4096,0.0,4e-06,4096
getitem_221,2790,-1,4479,4479,0,0.0,1e-06,0
relu__51,2792,2816,4474,4478,25690112,0.17676537578855653,0.025088,25690112
convolution_55,2793,2795,4470,4470,6422528,0.17833987179887492,0.006272,6422528
getitem_223,2797,-1,4470,4470,1024,0.0,1e-06,1024
getitem_224,2798,-1,4470,4470,1024,0.0,1e-06,1024
getitem_225,2799,-1,4470,4470,0,0.0,1e-06,0
relu__52,2800,2801,4466,4469,6422528,0.17657865576189952,0.006272,6422528
convolution_56,2801,2803,4462,4462,6422528,0.17624790376354948,0.006272,6422528
getitem_227,2805,-1,4462,4462,1024,0.0,1e-06,1024
getitem_228,2806,-1,4462,4462,1024,0.0,1e-06,1024
getitem_229,2807,-1,4462,4462,0,0.0,1e-06,0
relu__53,2808,2809,4458,4461,6422528,0.17521180776995615,0.006272,6422528
convolution_57,2809,2811,4454,4454,25690112,0.17476249577035208,0.025088,25690112
getitem_231,2813,-1,4454,4454,4096,0.0,4e-06,4096
getitem_232,2814,-1,4454,4454,4096,0.0,4e-06,4096
getitem_233,2815,-1,4454,4454,0,0.0,1e-06,0
relu__54,2817,2841,4449,4453,25690112,0.17163065578346154,0.025088,25690112
convolution_58,2818,2820,4445,4445,6422528,0.1730420477755834,0.006272,6422528
getitem_235,2822,-1,4445,4445,1024,0.0,1e-06,1024
getitem_236,2823,-1,4445,4445,1024,0.0,1e-06,1024
getitem_237,2824,-1,4445,4445,0,0.0,1e-06,0
relu__55,2825,2826,4441,4444,6422528,0.17129705577460128,0.006272,6422528
convolution_59,2826,2828,4437,4437,6422528,0.17100822377693847,0.006272,6422528
getitem_239,2830,-1,4437,4437,1024,0.0,1e-06,1024
getitem_240,2831,-1,4437,4437,1024,0.0,1e-06,1024
getitem_241,2832,-1,4437,4437,0,0.0,1e-06,0
relu__56,2833,2834,4433,4436,6422528,0.17004086377774372,0.006272,6422528
convolution_60,2834,2836,4429,4429,25690112,0.16962102377903657,0.025088,25690112
getitem_243,2838,-1,4429,4429,4096,0.0,4e-06,4096
getitem_244,2839,-1,4429,4429,4096,0.0,4e-06,4096
getitem_245,2840,-1,4429,4429,0,0.0,1e-06,0
relu__57,2842,2866,4424,4428,25690112,0.16656051182304515,0.025088,25690112
convolution_61,2843,2845,4420,4420,6422528,0.16795011179079314,0.006272,6422528
getitem_247,2847,-1,4420,4420,1024,0.0,1e-06,1024
getitem_248,2848,-1,4420,4420,1024,0.0,1e-06,1024
getitem_249,2849,-1,4420,4420,0,0.0,1e-06,0
relu__58,2850,2851,4416,4419,6422528,0.16621295984764592,0.006272,6422528
convolution_62,2851,2853,4412,4412,6422528,0.1659429438442458,0.006272,6422528
getitem_251,2855,-1,4412,4412,1024,0.0,1e-06,1024
getitem_252,2856,-1,4412,4412,1024,0.0,1e-06,1024
getitem_253,2857,-1,4412,4412,0,0.0,1e-06,0
relu__59,2858,2859,4408,4411,6422528,0.16497686385852292,0.006272,6422528
convolution_63,2859,2861,4404,4404,25690112,0.16454790385556411,0.025088,25690112
getitem_255,2863,-1,4404,4404,4096,0.0,4e-06,4096
getitem_256,2864,-1,4404,4404,4096,0.0,4e-06,4096
getitem_257,2865,-1,4404,4404,0,0.0,1e-06,0
relu__60,2867,2891,4399,4403,25690112,0.16135903983563185,0.025088,25690112
convolution_64,2868,2870,4395,4395,6422528,0.16274988783337177,0.006272,6422528
getitem_259,2872,-1,4395,4395,1024,0.0,1e-06,1024
getitem_260,2873,-1,4395,4395,1024,0.0,1e-06,1024
getitem_261,2874,-1,4395,4395,0,0.0,1e-06,0
relu__61,2875,2876,4391,4394,6422528,0.16091011190414428,0.006272,6422528
convolution_65,2876,2878,4387,4387,6422528,0.1605322559066117,0.006272,6422528
getitem_263,2880,-1,4387,4387,1024,0.0,1e-06,1024
getitem_264,2881,-1,4387,4387,1024,0.0,1e-06,1024
getitem_265,2882,-1,4387,4387,0,0.0,1e-06,0
relu__62,2883,2884,4383,4386,6422528,0.15954614390991625,0.006272,6422528
convolution_66,2884,2886,4379,4379,25690112,0.15912643190659576,0.025088,25690112
getitem_267,2888,-1,4379,4379,4096,0.0,4e-06,4096
getitem_268,2889,-1,4379,4379,4096,0.0,4e-06,4096
getitem_269,2890,-1,4379,4379,0,0.0,1e-06,0
relu__63,2892,2916,4374,4378,25690112,0.15561596792191265,0.025088,25690112
convolution_67,2893,2895,4370,4370,6422528,0.15738326388597484,0.006272,6422528
getitem_271,2897,-1,4370,4370,1024,0.0,1e-06,1024
getitem_272,2898,-1,4370,4370,1024,0.0,1e-06,1024
getitem_273,2899,-1,4370,4370,0,0.0,1e-06,0
relu__64,2900,2901,4366,4369,6422528,0.155652575938031,0.006272,6422528
convolution_68,2901,2903,4362,4362,6422528,0.15526342393271614,0.006272,6422528
getitem_275,2905,-1,4362,4362,1024,0.0,1e-06,1024
getitem_276,2906,-1,4362,4362,1024,0.0,1e-06,1024
getitem_277,2907,-1,4362,4362,0,0.0,1e-06,0
relu__65,2908,2909,4358,4361,6422528,0.15419868795014907,0.006272,6422528
convolution_69,2909,2911,4354,4354,25690112,0.1536825599540024,0.025088,25690112
getitem_279,2913,-1,4354,4354,4096,0.0,4e-06,4096
getitem_280,2914,-1,4354,4354,4096,0.0,4e-06,4096
getitem_281,2915,-1,4354,4354,0,0.0,1e-06,0
relu__66,2917,2941,4349,4353,25690112,0.15000316790305074,0.025088,25690112
convolution_70,2918,2920,4345,4345,6422528,0.15183961594663556,0.006272,6422528
getitem_283,2922,-1,4345,4345,1024,0.0,1e-06,1024
getitem_284,2923,-1,4345,4345,1024,0.0,1e-06,1024
getitem_285,2924,-1,4345,4345,0,0.0,1e-06,0
relu__67,2925,2926,4341,4344,6422528,0.1499851199220865,0.006272,6422528
convolution_71,2926,2928,4337,4337,6422528,0.1496871999241411,0.006272,6422528
getitem_287,2930,-1,4337,4337,1024,0.0,1e-06,1024
getitem_288,2931,-1,4337,4337,1024,0.0,1e-06,1024
getitem_289,2932,-1,4337,4337,0,0.0,1e-06,0
relu__68,2933,2934,4333,4336,6422528,0.14862105590850105,0.006272,6422528
convolution_72,2934,2936,4329,4329,25690112,0.14811180790327483,0.025088,25690112
getitem_291,2938,-1,4329,4329,4096,0.0,4e-06,4096
getitem_292,2939,-1,4329,4329,4096,0.0,4e-06,4096
getitem_293,2940,-1,4329,4329,0,0.0,1e-06,0
relu__69,2942,2966,4324,4328,25690112,0.14488204786740244,0.025088,25690112
convolution_73,2943,2945,4320,4320,6422528,0.1462458878923207,0.006272,6422528
getitem_295,2947,-1,4320,4320,1024,0.0,1e-06,1024
getitem_296,2948,-1,4320,4320,1024,0.0,1e-06,1024
getitem_297,2949,-1,4320,4320,0,0.0,1e-06,0
relu__70,2950,2951,4316,4319,6422528,0.14452607987076047,0.006272,6422528
convolution_74,2951,2953,4312,4312,6422528,0.14425398387014868,0.006272,6422528
getitem_299,2955,-1,4312,4312,1024,0.0,1e-06,1024
getitem_300,2956,-1,4312,4312,1024,0.0,1e-06,1024
getitem_301,2957,-1,4312,4312,0,0.0,1e-06,0
relu__71,2958,2959,4308,4311,6422528,0.1433088958971203,0.006272,6422528
convolution_75,2959,2961,4304,4304,25690112,0.14288793589547283,0.025088,25690112
getitem_303,2963,-1,4304,4304,4096,0.0,4e-06,4096
getitem_304,2964,-1,4304,4304,4096,0.0,4e-06,4096
getitem_305,2965,-1,4304,4304,0,0.0,1e-06,0
relu__72,2967,2991,4299,4303,25690112,0.13959897588007156,0.025088,25690112
convolution_76,2968,2970,4295,4295,6422528,0.14113222387060528,0.006272,6422528
getitem_307,2972,-1,4295,4295,1024,0.0,1e-06,1024
getitem_308,2973,-1,4295,4295,1024,0.0,1e-06,1024
getitem_309,2974,-1,4295,4295,0,0.0,1e-06,0
relu__73,2975,2976,4291,4294,6422528,0.1393063998632133,0.006272,6422528
convolution_77,2976,2978,4287,4287,6422528,0.13899606386385857,0.006272,6422528
getitem_311,2980,-1,4287,4287,1024,0.0,1e-06,1024
getitem_312,2981,-1,4287,4287,1024,0.0,1e-06,1024
getitem_313,2982,-1,4287,4287,0,0.0,1e-06,0
relu__74,2983,2984,4283,4286,6422528,0.13800099184922873,0.006272,6422528
convolution_78,2984,2986,4279,4279,25690112,0.13757407984696332,0.025088,25690112
getitem_315,2988,-1,4279,4279,4096,0.0,4e-06,4096
getitem_316,2989,-1,4279,4279,4096,0.0,4e-06,4096
getitem_317,2990,-1,4279,4279,0,0.0,1e-06,0
relu__75,2992,3016,4274,4278,25690112,0.13419174384511998,0.025088,25690112
convolution_79,2993,2995,4270,4270,6422528,0.135772639831528,0.006272,6422528
getitem_319,2997,-1,4270,4270,1024,0.0,1e-06,1024
getitem_320,2998,-1,4270,4270,1024,0.0,1e-06,1024
getitem_321,2999,-1,4270,4270,0,0.0,1e-06,0
relu__76,3000,3001,4266,4269,6422528,0.13398089587502177,0.006272,6422528
convolution_80,3001,3003,4262,4262,6422528,0.13367388787679368,0.006272,6422528
getitem_323,3005,-1,4262,4262,1024,0.0,1e-06,1024
getitem_324,3006,-1,4262,4262,1024,0.0,1e-06,1024
getitem_325,3007,-1,4262,4262,0,0.0,1e-06,0
relu__77,3008,3009,4258,4261,6422528,0.13264726388640694,0.006272,6422528
convolution_81,3009,3011,4254,4254,25690112,0.13220601589418937,0.025088,25690112
getitem_327,3013,-1,4254,4254,4096,0.0,4e-06,4096
getitem_328,3014,-1,4254,4254,4096,0.0,4e-06,4096
getitem_329,3015,-1,4254,4254,0,0.0,1e-06,0
relu__78,3017,3041,4249,4253,25690112,0.12896812789887177,0.025088,25690112
convolution_82,3018,3020,4245,4245,6422528,0.13048195190541437,0.006272,6422528
getitem_331,3022,-1,4245,4245,1024,0.0,1e-06,1024
getitem_332,3023,-1,4245,4245,1024,0.0,1e-06,1024
getitem_333,3024,-1,4245,4245,0,0.0,1e-06,0
relu__79,3025,3026,4241,4244,6422528,0.12873830389045163,0.006272,6422528
convolution_83,3026,3028,4237,4237,6422528,0.12845887988805757,0.006272,6422528
getitem_335,3030,-1,4237,4237,1024,0.0,1e-06,1024
getitem_336,3031,-1,4237,4237,1024,0.0,1e-06,1024
getitem_337,3032,-1,4237,4237,0,0.0,1e-06,0
relu__80,3033,3034,4233,4236,6422528,0.12749023988284156,0.006272,6422528
convolution_84,3034,3036,4229,4229,25690112,0.12704380788467812,0.025088,25690112
getitem_339,3038,-1,4229,4229,4096,0.0,4e-06,4096
getitem_340,3039,-1,4229,4229,4096,0.0,4e-06,4096
getitem_341,3040,-1,4229,4229,0,0.0,1e-06,0
relu__81,3042,3066,4224,4228,25690112,0.12351692792586973,0.025088,25690112
convolution_85,3043,3045,4220,4220,6422528,0.1251173758935182,0.006272,6422528
getitem_343,3047,-1,4220,4220,1024,0.0,1e-06,1024
getitem_344,3048,-1,4220,4220,1024,0.0,1e-06,1024
getitem_345,3049,-1,4220,4220,0,0.0,1e-06,0
relu__82,3050,3051,4216,4219,6422528,0.12323612792789926,0.006272,6422528
convolution_86,3051,3053,4212,4212,6422528,0.12290739193186154,0.006272,6422528
getitem_347,3055,-1,4212,4212,1024,0.0,1e-06,1024
getitem_348,3056,-1,4212,4212,1024,0.0,1e-06,1024
getitem_349,3057,-1,4212,4212,0,0.0,1e-06,0
relu__83,3058,3059,4208,4211,6422528,0.12187235193327059,0.006272,6422528
convolution_87,3059,3061,4204,4204,25690112,0.12134486392885438,0.025088,25690112
getitem_351,3063,-1,4204,4204,4096,0.0,4e-06,4096
getitem_352,3064,-1,4204,4204,4096,0.0,4e-06,4096
getitem_353,3065,-1,4204,4204,0,0.0,1e-06,0
relu__84,3067,3091,4199,4203,25690112,0.1180781759619712,0.025088,25690112
convolution_88,3068,3070,4195,4195,6422528,0.1195500159431248,0.006272,6422528
getitem_355,3072,-1,4195,4195,1024,0.0,1e-06,1024
getitem_356,3073,-1,4195,4195,1024,0.0,1e-06,1024
getitem_357,3074,-1,4195,4195,0,0.0,1e-06,0
relu__85,3075,3076,4191,4194,6422528,0.11774105591885738,0.006272,6422528
convolution_89,3076,3078,4187,4187,6422528,0.11743183991871765,0.006272,6422528
getitem_359,3080,-1,4187,4187,1024,0.0,1e-06,1024
getitem_360,3081,-1,4187,4187,1024,0.0,1e-06,1024
getitem_361,3082,-1,4187,4187,0,0.0,1e-06,0
relu__86,3083,3084,4183,4186,6422528,0.11646531192585818,0.006272,6422528
convolution_90,3084,3086,4179,4179,25690112,0.11600460792705408,0.025088,25690112
getitem_363,3088,-1,4179,4179,4096,0.0,4e-06,4096
getitem_364,3089,-1,4179,4179,4096,0.0,4e-06,4096
getitem_365,3090,-1,4179,4179,0,0.0,1e-06,0
relu__87,3092,3116,4174,4178,25690112,0.11260627192631356,0.025088,25690112
convolution_91,3093,3095,4170,4170,6422528,0.11423673594370479,0.006272,6422528
getitem_367,3097,-1,4170,4170,1024,0.0,1e-06,1024
getitem_368,3098,-1,4170,4170,1024,0.0,1e-06,1024
getitem_369,3099,-1,4170,4170,0,0.0,1e-06,0
relu__88,3100,3101,4166,4169,6422528,0.11226678392104798,0.006272,6422528
convolution_92,3101,3103,4162,4162,6422528,0.11190857592038804,0.006272,6422528
getitem_371,3105,-1,4162,4162,1024,0.0,1e-06,1024
getitem_372,3106,-1,4162,4162,1024,0.0,1e-06,1024
getitem_373,3107,-1,4162,4162,0,0.0,1e-06,0
relu__89,3108,3109,4158,4161,6422528,0.11092371190711849,0.006272,6422528
convolution_93,3109,3111,4154,4154,25690112,0.11047638391144568,0.025088,25690112
getitem_375,3113,-1,4154,4154,4096,0.0,4e-06,4096
getitem_376,3114,-1,4154,4154,4096,0.0,4e-06,4096
getitem_377,3115,-1,4154,4154,0,0.0,1e-06,0
relu__90,3117,3141,4149,4153,25690112,0.10730879991687824,0.025088,25690112
convolution_94,3118,3120,4145,4145,6422528,0.10865663992613547,0.006272,6422528
getitem_379,3122,-1,4145,4145,1024,0.0,1e-06,1024
getitem_380,3123,-1,4145,4145,1024,0.0,1e-06,1024
getitem_381,3124,-1,4145,4145,0,0.0,1e-06,0
relu__91,3125,3126,4141,4144,6422528,0.10690470388904205,0.006272,6422528
convolution_95,3126,3128,4137,4137,6422528,0.10660044788941733,0.006272,6422528
getitem_383,3130,-1,4137,4137,1024,0.0,1e-06,1024
getitem_384,3131,-1,4137,4137,1024,0.0,1e-06,1024
getitem_385,3132,-1,4137,4137,0,0.0,1e-06,0
relu__92,3133,3134,4133,4136,6422528,0.105621439885348,0.006272,6422528
convolution_96,3134,3136,4129,4129,25690112,0.10517411189153782,0.025088,25690112
getitem_387,3138,-1,4129,4129,4096,0.0,4e-06,4096
getitem_388,3139,-1,4129,4129,4096,0.0,4e-06,4096
getitem_389,3140,-1,4129,4129,0,0.0,1e-06,0
relu__93,3142,3166,4124,4128,25690112,0.10199651185050596,0.025088,25690112
convolution_97,3143,3145,4120,4120,6422528,0.10343347186967725,0.006272,6422528
getitem_391,3147,-1,4120,4120,1024,0.0,1e-06,1024
getitem_392,3148,-1,4120,4120,1024,0.0,1e-06,1024
getitem_393,3149,-1,4120,4120,0,0.0,1e-06,0
relu__94,3150,3151,4116,4119,6422528,0.10168668788485222,0.006272,6422528
convolution_98,3151,3153,4112,4112,6422528,0.10141420788131647,0.006272,6422528
getitem_395,3155,-1,4112,4112,1024,0.0,1e-06,1024
getitem_396,3156,-1,4112,4112,1024,0.0,1e-06,1024
getitem_397,3157,-1,4112,4112,0,0.0,1e-06,0
relu__95,3158,3159,4108,4111,6422528,0.10046435189060861,0.006272,6422528
convolution_99,3159,3161,4104,4104,25690112,0.1000313598867505,0.025088,25690112
getitem_399,3163,-1,4104,4104,4096,0.0,4e-06,4096
getitem_400,3164,-1,4104,4104,4096,0.0,4e-06,4096
getitem_401,3165,-1,4104,4104,0,0.0,1e-06,0
relu__96,3167,3191,4099,4103,25690112,0.09677743989974251,0.025088,25690112
convolution_100,3168,3170,4095,4095,6422528,0.09822495988942673,0.006272,6422528
getitem_403,3172,-1,4095,4095,1024,0.0,1e-06,1024
getitem_404,3173,-1,4095,4095,1024,0.0,1e-06,1024
getitem_405,3174,-1,4095,4095,0,0.0,1e-06,0
relu__97,3175,3176,4091,4094,6422528,0.09644838392175724,0.006272,6422528
convolution_101,3176,3178,4087,4087,6422528,0.09615545592457048,0.006272,6422528
getitem_407,3180,-1,4087,4087,1024,0.0,1e-06,1024
getitem_408,3181,-1,4087,4087,1024,0.0,1e-06,1024
getitem_409,3182,-1,4087,4087,0,0.0,1e-06,0
relu__98,3183,3184,4083,4086,6422528,0.09516524792276315,0.006272,6422528
convolution_102,3184,3186,4079,4079,25690112,0.09471084792912,0.025088,25690112
getitem_411,3188,-1,4079,4079,4096,0.0,4e-06,4096
getitem_412,3189,-1,4079,4079,4096,0.0,4e-06,4096
getitem_413,3190,-1,4079,4079,0,0.0,1e-06,0
relu__99,3192,3216,4074,4078,25690112,0.09154255993850524,0.025088,25690112
convolution_103,3193,3195,4070,4070,6422528,0.0929487359039485,0.006272,6422528
getitem_415,3197,-1,4070,4070,1024,0.0,1e-06,1024
getitem_416,3198,-1,4070,4070,1024,0.0,1e-06,1024
getitem_417,3199,-1,4070,4070,0,0.0,1e-06,0
relu__100,3200,3201,4066,4069,6422528,0.09120169590972362,0.006272,6422528
convolution_104,3201,3203,4062,4062,6422528,0.09092729590646921,0.006272,6422528
getitem_419,3205,-1,4062,4062,1024,0.0,1e-06,1024
getitem_420,3206,-1,4062,4062,1024,0.0,1e-06,1024
getitem_421,3207,-1,4062,4062,0,0.0,1e-06,0
relu__101,3208,3209,4058,4061,6422528,0.08998217592202125,0.006272,6422528
convolution_105,3209,3211,4054,4054,25690112,0.08952873592078685,0.025088,25690112
getitem_423,3213,-1,4054,4054,4096,0.0,4e-06,4096
getitem_424,3214,-1,4054,4054,4096,0.0,4e-06,4096
getitem_425,3215,-1,4054,4054,0,0.0,1e-06,0
relu__102,3217,3241,4049,4053,25690112,0.08641283190809187,0.025088,25690112
convolution_106,3218,3220,4045,4045,6422528,0.08775939191877839,0.006272,6422528
getitem_427,3222,-1,4045,4045,1024,0.0,1e-06,1024
getitem_428,3223,-1,4045,4045,1024,0.0,1e-06,1024
getitem_429,3224,-1,4045,4045,0,0.0,1e-06,0
relu__103,3225,3226,4041,4044,6422528,0.08598563192598518,0.006272,6422528
convolution_107,3226,3228,4037,4037,6422528,0.08568857592530547,0.006272,6422528
getitem_431,3230,-1,4037,4037,1024,0.0,1e-06,1024
getitem_432,3231,-1,4037,4037,1024,0.0,1e-06,1024
getitem_433,3232,-1,4037,4037,0,0.0,1e-06,0
relu__104,3233,3234,4033,4036,6422528,0.08467705591954289,0.006272,6422528
convolution_108,3234,3236,4029,4029,25690112,0.08423676792718467,0.025088,25690112
getitem_435,3238,-1,4029,4029,4096,0.0,4e-06,4096
getitem_436,3239,-1,4029,4029,4096,0.0,4e-06,4096
getitem_437,3240,-1,4029,4029,0,0.0,1e-06,0
relu__105,3242,3266,4024,4028,25690112,0.08113190391287205,0.025088,25690112
convolution_109,3243,3245,4020,4020,6422528,0.08250623991526662,0.006272,6422528
getitem_439,3247,-1,4020,4020,1024,0.0,1e-06,1024
getitem_440,3248,-1,4020,4020,1024,0.0,1e-06,1024
getitem_441,3249,-1,4020,4020,0,0.0,1e-06,0
relu__106,3250,3251,4016,4019,6422528,0.0807826878577471,0.006272,6422528
convolution_110,3251,3253,4012,4012,6422528,0.08050934385322035,0.006272,6422528
getitem_443,3255,-1,4012,4012,1024,0.0,1e-06,1024
getitem_444,3256,-1,4012,4012,1024,0.0,1e-06,1024
getitem_445,3257,-1,4012,4012,0,0.0,1e-06,0
relu__107,3258,3259,4008,4011,6422528,0.07952732786349954,0.006272,6422528
convolution_111,3259,3261,4004,4004,25690112,0.07906652786396448,0.025088,25690112
getitem_447,3263,-1,4004,4004,4096,0.0,4e-06,4096
getitem_448,3264,-1,4004,4004,4096,0.0,4e-06,4096
getitem_449,3265,-1,4004,4004,0,0.0,1e-06,0
relu__108,3267,3291,3999,4003,25690112,0.07590121584758167,0.025088,25690112
convolution_112,3268,3270,3995,3995,6422528,0.07726531185023491,0.006272,6422528
getitem_451,3272,-1,3995,3995,1024,0.0,1e-06,1024
getitem_452,3273,-1,3995,3995,1024,0.0,1e-06,1024
getitem_453,3274,-1,3995,3995,0,0.0,1e-06,0
relu__109,3275,3276,3991,3994,6422528,0.07544531187228862,0.006272,6422528
convolution_113,3276,3278,3987,3987,6422528,0.0751576638761908,0.006272,6422528
getitem_455,3280,-1,3987,3987,1024,0.0,1e-06,1024
getitem_456,3281,-1,3987,3987,1024,0.0,1e-06,1024
getitem_457,3282,-1,3987,3987,0,0.0,1e-06,0
relu__110,3283,3284,3983,3986,6422528,0.07418639986775817,0.006272,6422528
convolution_114,3284,3286,3979,3979,25690112,0.0737313598804176,0.025088,25690112
getitem_459,3288,-1,3979,3979,4096,0.0,4e-06,4096
getitem_460,3289,-1,3979,3979,4096,0.0,4e-06,4096
getitem_461,3290,-1,3979,3979,0,0.0,1e-06,0
relu__111,3292,3316,3974,3978,25690112,0.07041830384358765,0.025088,25690112
convolution_115,3293,3295,3970,3970,6422528,0.07199171186052264,0.006272,6422528
getitem_463,3297,-1,3970,3970,1024,0.0,1e-06,1024
getitem_464,3298,-1,3970,3970,1024,0.0,1e-06,1024
getitem_465,3299,-1,3970,3970,0,0.0,1e-06,0
relu__112,3300,3301,3966,3969,6422528,0.07022153587825598,0.006272,6422528
convolution_116,3301,3303,3962,3962,6422528,0.06982755187340081,0.006272,6422528
getitem_467,3305,-1,3962,3962,1024,0.0,1e-06,1024
getitem_468,3306,-1,3962,3962,1024,0.0,1e-06,1024
getitem_469,3307,-1,3962,3962,0,0.0,1e-06,0
relu__113,3308,3309,3958,3961,6422528,0.06878403188847003,0.006272,6422528
convolution_117,3309,3311,3954,3954,25690112,0.06827507187984881,0.025088,25690112
getitem_471,3313,-1,3954,3954,4096,0.0,4e-06,4096
getitem_472,3314,-1,3954,3954,4096,0.0,4e-06,4096
getitem_473,3315,-1,3954,3954,0,0.0,1e-06,0
relu__114,3317,3341,3949,3953,25690112,0.06498723184131086,0.025088,25690112
convolution_118,3318,3320,3945,3945,6422528,0.0664120638668537,0.006272,6422528
getitem_475,3322,-1,3945,3945,1024,0.0,1e-06,1024
getitem_476,3323,-1,3945,3945,1024,0.0,1e-06,1024
getitem_477,3324,-1,3945,3945,0,0.0,1e-06,0
relu__115,3325,3326,3941,3944,6422528,0.06465510387718677,0.006272,6422528
convolution_119,3326,3328,3937,3937,6422528,0.06436838387139145,0.006272,6422528
getitem_479,3330,-1,3937,3937,1024,0.0,1e-06,1024
getitem_480,3331,-1,3937,3937,1024,0.0,1e-06,1024
getitem_481,3332,-1,3937,3937,0,0.0,1e-06,0
relu__116,3333,3334,3933,3936,6422528,0.06341231986694042,0.006272,6422528
convolution_120,3334,3336,3929,3929,25690112,0.06291164786741141,0.025088,25690112
getitem_483,3338,-1,3929,3929,4096,0.0,4e-06,4096
getitem_484,3339,-1,3929,3929,4096,0.0,4e-06,4096
getitem_485,3340,-1,3929,3929,0,0.0,1e-06,0
relu__117,3342,3366,3924,3928,25690112,0.059722815861925516,0.025088,25690112
convolution_121,3343,3345,3920,3920,6422528,0.061136671857908394,0.006272,6422528
getitem_487,3347,-1,3920,3920,1024,0.0,1e-06,1024
getitem_488,3348,-1,3920,3920,1024,0.0,1e-06,1024
getitem_489,3349,-1,3920,3920,0,0.0,1e-06,0
relu__118,3350,3351,3916,3919,6422528,0.05935919991694393,0.006272,6422528
convolution_122,3351,3353,3912,3912,6422528,0.0590747839137912,0.006272,6422528
getitem_491,3355,-1,3912,3912,1024,0.0,1e-06,1024
getitem_492,3356,-1,3912,3912,1024,0.0,1e-06,1024
getitem_493,3357,-1,3912,3912,0,0.0,1e-06,0
relu__119,3358,3359,3908,3911,6422528,0.05803955191560092,0.006272,6422528
convolution_123,3359,3361,3904,3904,25690112,0.05758377591520551,0.025088,25690112
getitem_495,3363,-1,3904,3904,4096,0.0,4e-06,4096
getitem_496,3364,-1,3904,3904,4096,0.0,4e-06,4096
getitem_497,3365,-1,3904,3904,0,0.0,1e-06,0
relu__120,3367,3391,3899,3903,25690112,0.05443199992366136,0.025088,25690112
convolution_124,3368,3370,3895,3895,6422528,0.05581023990735414,0.006272,6422528
getitem_499,3372,-1,3895,3895,1024,0.0,1e-06,1024
getitem_500,3373,-1,3895,3895,1024,0.0,1e-06,1024
getitem_501,3374,-1,3895,3895,0,0.0,1e-06,0
relu__121,3375,3376,3891,3894,6422528,0.054056831937283285,0.006272,6422528
convolution_125,3376,3378,3887,3887,6422528,0.05378537593595686,0.006272,6422528
getitem_503,3380,-1,3887,3887,1024,0.0,1e-06,1024
getitem_504,3381,-1,3887,3887,1024,0.0,1e-06,1024
getitem_505,3382,-1,3887,3887,0,0.0,1e-06,0
relu__122,3383,3384,3883,3886,6422528,0.05281839995272459,0.006272,6422528
convolution_126,3384,3386,3879,3879,25690112,0.052372959958389406,0.025088,25690112
getitem_507,3388,-1,3879,3879,4096,0.0,4e-06,4096
getitem_508,3389,-1,3879,3879,4096,0.0,4e-06,4096
getitem_509,3390,-1,3879,3879,0,0.0,1e-06,0
relu__123,3392,3416,3874,3878,25690112,0.04901206396892668,0.025088,25690112
convolution_127,3393,3395,3870,3870,6422528,0.05060761596262456,0.006272,6422528
getitem_511,3397,-1,3870,3870,1024,0.0,1e-06,1024
getitem_512,3398,-1,3870,3870,1024,0.0,1e-06,1024
getitem_513,3399,-1,3870,3870,0,0.0,1e-06,0
relu__124,3400,3401,3866,3869,6422528,0.04874630397185684,0.006272,6422528
convolution_128,3401,3403,3862,3862,6422528,0.04845427196659149,0.006272,6422528
getitem_515,3405,-1,3862,3862,1024,0.0,1e-06,1024
getitem_516,3406,-1,3862,3862,1024,0.0,1e-06,1024
getitem_517,3407,-1,3862,3862,0,0.0,1e-06,0
relu__125,3408,3409,3858,3861,6422528,0.04744153596460822,0.006272,6422528
convolution_129,3409,3411,3854,3854,25690112,0.04695615997165443,0.025088,25690112
getitem_519,3413,-1,3854,3854,4096,0.0,4e-06,4096
getitem_520,3414,-1,3854,3854,4096,0.0,4e-06,4096
getitem_521,3415,-1,3854,3854,0,0.0,1e-06,0
relu__126,3417,3441,3849,3853,25690112,0.04382719997502865,0.025088,25690112
convolution_130,3418,3420,3845,3845,6422528,0.04520809596590698,0.006272,6422528
getitem_523,3422,-1,3845,3845,1024,0.0,1e-06,1024
getitem_524,3423,-1,3845,3845,1024,0.0,1e-06,1024
getitem_525,3424,-1,3845,3845,0,0.0,1e-06,0
relu__127,3425,3426,3841,3844,6422528,0.043448287922889,0.006272,6422528
convolution_131,3426,3428,3837,3837,6422528,0.043179967921227226,0.006272,6422528
getitem_527,3430,-1,3837,3837,1024,0.0,1e-06,1024
getitem_528,3431,-1,3837,3837,1024,0.0,1e-06,1024
getitem_529,3432,-1,3837,3837,0,0.0,1e-06,0
relu__128,3433,3434,3833,3836,6422528,0.042219263950362816,0.006272,6422528
convolution_132,3434,3436,3829,3829,25690112,0.041782943958416585,0.025088,25690112
getitem_531,3438,-1,3829,3829,4096,0.0,4e-06,4096
getitem_532,3439,-1,3829,3829,4096,0.0,4e-06,4096
getitem_533,3440,-1,3829,3829,0,0.0,1e-06,0
relu__129,3442,3466,3824,3828,25690112,0.03862812797911467,0.025088,25690112
convolution_133,3443,3445,3820,3820,6422528,0.03992438395135106,0.006272,6422528
getitem_535,3447,-1,3820,3820,1024,0.0,1e-06,1024
getitem_536,3448,-1,3820,3820,1024,0.0,1e-06,1024
getitem_537,3449,-1,3820,3820,0,0.0,1e-06,0
relu__130,3450,3451,3816,3819,6422528,0.03810895998589698,0.006272,6422528
convolution_134,3451,3453,3812,3812,6422528,0.03781404798664156,0.006272,6422528
getitem_539,3455,-1,3812,3812,1024,0.0,1e-06,1024
getitem_540,3456,-1,3812,3812,1024,0.0,1e-06,1024
getitem_541,3457,-1,3812,3812,0,0.0,1e-06,0
relu__131,3458,3459,3808,3811,6422528,0.036807328013703254,0.006272,6422528
convolution_135,3459,3461,3804,3804,25690112,0.03634150401316586,0.025088,25690112
getitem_543,3463,-1,3804,3804,4096,0.0,4e-06,4096
getitem_544,3464,-1,3804,3804,4096,0.0,4e-06,4096
getitem_545,3465,-1,3804,3804,0,0.0,1e-06,0
relu__132,3467,3491,3799,3803,25690112,0.03323532801866532,0.025088,25690112
convolution_136,3468,3470,3795,3795,6422528,0.034572288010269424,0.006272,6422528
getitem_547,3472,-1,3795,3795,1024,0.0,1e-06,1024
getitem_548,3473,-1,3795,3795,1024,0.0,1e-06,1024
getitem_549,3474,-1,3795,3795,0,0.0,1e-06,0
relu__133,3475,3476,3791,3794,6422528,0.03280921603739263,0.006272,6422528
convolution_137,3476,3478,3787,3787,6422528,0.0324140800368041,0.006272,6422528
getitem_551,3480,-1,3787,3787,1024,0.0,1e-06,1024
getitem_552,3481,-1,3787,3787,1024,0.0,1e-06,1024
getitem_553,3482,-1,3787,3787,0,0.0,1e-06,0
relu__134,3483,3484,3783,3786,6422528,0.03144345603697003,0.006272,6422528
convolution_138,3484,3486,3779,3779,25690112,0.030978688040748253,0.025088,25690112
getitem_555,3488,-1,3779,3779,4096,0.0,4e-06,4096
getitem_556,3489,-1,3779,3779,4096,0.0,4e-06,4096
getitem_557,3490,-1,3779,3779,0,0.0,1e-06,0
relu__135,3492,3516,3774,3778,25690112,0.027563264045864358,0.025088,25690112
convolution_139,3493,3495,3770,3770,6422528,0.029180992037057894,0.006272,6422528
getitem_559,3497,-1,3770,3770,1024,0.0,1e-06,1024
getitem_560,3498,-1,3770,3770,1024,0.0,1e-06,1024
getitem_561,3499,-1,3770,3770,0,0.0,1e-06,0
relu__136,3500,3501,3766,3769,6422528,0.027421887988224643,0.006272,6422528
convolution_140,3501,3503,3762,3762,6422528,0.027099167982116357,0.006272,6422528
getitem_563,3505,-1,3762,3762,1024,0.0,1e-06,1024
getitem_564,3506,-1,3762,3762,1024,0.0,1e-06,1024
getitem_565,3507,-1,3762,3762,0,0.0,1e-06,0
relu__137,3508,3509,3758,3761,6422528,0.025997663976624622,0.006272,6422528
convolution_141,3509,3511,3754,3754,25690112,0.025514207979664222,0.025088,25690112
getitem_567,3513,-1,3754,3754,4096,0.0,4e-06,4096
getitem_568,3514,-1,3754,3754,4096,0.0,4e-06,4096
getitem_569,3515,-1,3754,3754,0,0.0,1e-06,0
relu__138,3517,3541,3749,3753,25690112,0.022157919969409714,0.025088,25690112
convolution_142,3518,3520,3745,3745,6422528,0.023612767990678556,0.006272,6422528
getitem_571,3522,-1,3745,3745,1024,0.0,1e-06,1024
getitem_572,3523,-1,3745,3745,1024,0.0,1e-06,1024
getitem_573,3524,-1,3745,3745,0,0.0,1e-06,0
relu__139,3525,3526,3741,3744,6422528,0.021771647958084953,0.006272,6422528
convolution_143,3526,3528,3737,3737,6422528,0.021467231957241907,0.006272,6422528
getitem_575,3530,-1,3737,3737,1024,0.0,1e-06,1024
getitem_576,3531,-1,3737,3737,1024,0.0,1e-06,1024
getitem_577,3532,-1,3737,3737,0,0.0,1e-06,0
relu__140,3533,3534,3733,3736,6422528,0.020462463952600967,0.006272,6422528
convolution_144,3534,3536,3729,3729,25690112,0.019981087956577548,0.025088,25690112
getitem_579,3538,-1,3729,3729,4096,0.0,4e-06,4096
getitem_580,3539,-1,3729,3729,4096,0.0,4e-06,4096
getitem_581,3540,-1,3729,3729,0,0.0,1e-06,0
relu__141,3542,3566,3701,3728,25690112,0.011501087993383412,0.025088,25690112
convolution_145,3543,3545,3720,3720,12845056,0.01744406398572028,0.012544,12845056
getitem_583,3547,-1,3720,3720,2048,0.0,2e-06,2048
getitem_584,3548,-1,3720,3720,2048,0.0,2e-06,2048
getitem_585,3549,-1,3720,3720,0,0.0,1e-06,0
relu__142,3550,3551,3716,3719,12845056,0.015641247974708675,0.012544,12845056
convolution_146,3551,3553,3712,3712,3211264,0.015281759979203344,0.003136,3211264
getitem_587,3555,-1,3712,3712,2048,0.0,2e-06,2048
getitem_588,3556,-1,3712,3712,2048,0.0,2e-06,2048
getitem_589,3557,-1,3712,3712,0,0.0,1e-06,0
relu__143,3558,3559,3708,3711,3211264,0.014038367994129662,0.003136,3211264
convolution_147,3559,3561,3704,3704,12845056,0.013620576001703744,0.012544,12845056
getitem_591,3563,-1,3704,3704,8192,0.0,8e-06,8192
getitem_592,3564,-1,3704,3704,8192,0.0,8e-06,8192
getitem_593,3565,-1,3704,3704,0,0.0,1e-06,0
convolution_148,3566,3568,3697,3697,12845056,0.011153855990618473,0.012544,12845056
getitem_595,3570,-1,3697,3697,8192,0.0,8e-06,8192
getitem_596,3571,-1,3697,3697,8192,0.0,8e-06,8192
getitem_597,3572,-1,3697,3697,0,0.0,1e-06,0
relu__144,3574,3598,3692,3696,12845056,0.008274943975731733,0.012544,12845056
convolution_149,3575,3577,3688,3688,3211264,0.009660831987857822,0.003136,3211264
getitem_599,3579,-1,3688,3688,2048,0.0,2e-06,2048
getitem_600,3580,-1,3688,3688,2048,0.0,2e-06,2048
getitem_601,3581,-1,3688,3688,0,0.0,1e-06,0
relu__145,3582,3583,3684,3687,3211264,0.00796559997648001,0.003136,3211264
convolution_150,3583,3585,3680,3680,3211264,0.007718015972524883,0.003136,3211264
getitem_603,3587,-1,3680,3680,2048,0.0,2e-06,2048
getitem_604,3588,-1,3680,3680,2048,0.0,2e-06,2048
getitem_605,3589,-1,3680,3680,0,0.0,1e-06,0
relu__146,3590,3591,3676,3679,3211264,0.006627391992136837,0.003136,3211264
convolution_151,3591,3593,3672,3672,12845056,0.006287391990423203,0.012544,12845056
getitem_607,3595,-1,3672,3672,8192,0.0,8e-06,8192
getitem_608,3596,-1,3672,3672,8192,0.0,8e-06,8192
getitem_609,3597,-1,3672,3672,0,0.0,1e-06,0
relu__147,3599,3623,3667,3671,12845056,0.0033129600286483773,0.012544,12845056
convolution_152,3600,3602,3663,3663,3211264,0.0047823039852082725,0.003136,3211264
getitem_611,3604,-1,3663,3663,2048,0.0,2e-06,2048
getitem_612,3605,-1,3663,3663,2048,0.0,2e-06,2048
getitem_613,3606,-1,3663,3663,0,0.0,1e-06,0
relu__148,3607,3608,3659,3662,3211264,0.0029629120193421835,0.003136,3211264
convolution_153,3608,3610,3655,3655,3211264,0.002678176021203398,0.003136,3211264
getitem_615,3612,-1,3655,3655,2048,0.0,2e-06,2048
getitem_616,3613,-1,3655,3655,2048,0.0,2e-06,2048
getitem_617,3614,-1,3655,3655,0,0.0,1e-06,0
relu__149,3615,3616,3651,3654,3211264,0.001573728008195758,0.003136,3211264
convolution_154,3616,3618,3647,3647,12845056,0.0012357760053128002,0.012544,12845056
getitem_619,3620,-1,3647,3647,8192,0.0,8e-06,8192
getitem_620,3621,-1,3647,3647,8192,0.0,8e-06,8192
getitem_621,3622,-1,3647,3647,0,0.0,1e-06,0
relu__150,3624,3625,3646,3646,12845056,0.0009121920075267553,0.012544,12845056
view,3626,3628,3638,3638,262144,0.00038998400419950485,0.000256,262144
t,3627,3628,3635,3635,8192000,0.00023235199972987175,0.008,8192000
